seq_id	sequence	label	source_file
DRAMP03939	GSKKPVPIIYCNRRTGKCQR	1	1_synthetic_amps.fasta
tr|A0A0S2YRA5|A0A0S2YRA5_SCYPA SIFamide OS=Scylla paramamosain OX=85552 PE=2 SV=1	MSMQMRVVVAVAVVVVVLALLSSPVSAGYRKPPFNGSIFGKRSGSDAVYEPGKSQALASVCQVALEACTLWFPGAEKK	0	0_nueropeptides.FASTA
sp|P0DL27|VSP41_BOTPI Thrombin-like enzyme BpirSP41 (Fragment) OS=Bothrops pirajai OX=113192 PE=1 SV=1	VVGGDECDINEHPFLAFLYSHGYFCGLTLINQEWVLTAAHCDRRFMRIYL	0	0_trypt.FASTA
DRAMP34097	MRPEIWAAQEIRRIGDEFNAYYARRVZ	1	1_synthetic_amps.fasta
tr|M3XTT0|M3XTT0_MUSPF Neuropeptide S OS=Mustela putorius furo OX=9669 GN=NPS PE=4 SV=1	MHMFWCYPVTPSKVSGKSDYFLILLNSCPTRMDRREGLDFLKPIFEKTFMKRSFRNGVGTGMKKTSFR	0	0_nueropeptides.FASTA
DRAMP02096	FLPFIAGMAANFLPKIFCAISKKC	1	1_Antimicrobial_amps.fasta
sp|C0HK69|SCXD_CENLI Beta-toxin Cl13 OS=Centruroides limpidus OX=6876 PE=1 SV=2	KEGYLVDYHTGCKYTCAKLGDNDYCVRECRLRYYQSAHGYCYAFACWCTHLYEQAVVWPLPNKRCKGK	0	0_Toxins.FASTA
DRAMP20946	TRSRWRRFIRGAGRFARRYGWRIA	1	1_Antimicrobial_amps.fasta
DRAMP04306	FASLLGKALKALLAKLAKQ	1	1_Antimicrobial_amps.fasta
tr|A0A091IJB1|A0A091IJB1_CALAN Keratin (Fragment) OS=Calypte anna OX=9244 GN=N300_14415 PE=3 SV=1	LCGVAVPQPVAESCNEPCVRQCPDSKVVIYPPPVVVTFPGPILSTFPQQSV	0	0_Toxins.FASTA
tr|A0A2P4S3T8|A0A2P4S3T8_BAMTH Keratin (Fragment) OS=Bambusicola thoracicus OX=9083 GN=CIB84_017469 PE=3 SV=1	ILSSFPQNTAVGSSTSAAVGSILSCEGVPITSGGLDLSCISNRYCGRRCNPC	0	0_Toxins.FASTA
tr|A0A091GM29|A0A091GM29_CUCCA Keratin (Fragment) OS=Cuculus canorus OX=55661 GN=N303_08833 PE=3 SV=1	CQPCGPTPLANSCNEPCTLQCQDSRVVIQPSPVVVTLPGPILSSF	0	0_keratin.FASTA
tr|A0A2K6GNZ9|A0A2K6GNZ9_PROCO Keratin associated protein 19-7 OS=Propithecus coquereli OX=379532 GN=KRTAP19-7 PE=4 SV=1	MSYYGSYYGGLGYGYGCGCGFRRLGYGCGYGGYGYGCYRPSCYGGYWSSGFY	0	0_Toxins.FASTA
tr|Q8SQ29|Q8SQ29_SHEEP Somatostatin type 2 receptor (Fragment) OS=Ovis aries OX=9940 PE=2 SV=1	RKKSEKKVTRMVSIVVAVFIFCWLPFYIFNVSSVSVAISPTPALKGMFDFVVVLTYANSCANPILYAFLS	0	0_nueropeptides.FASTA
DRAMP01119	GIGGALLSAGKSALKGLAKGFAEHF	1	1_Antimicrobial_amps.fasta
DRAMP34268	MRPEIWFAQEFDRDGDEFNAYYARRVZ	1	1_synthetic_amps.fasta
sp|C0HKB2|KA241_PANIM Potassium channel toxin alpha-KTx 24.1 OS=Pandinus imperator OX=55084 PE=1 SV=1	VAKCSTSECGHACQQAGCRNSGCRYGSCICVGC	0	0_Toxins.FASTA
sp|P26227|HTIB_MANSE Hemolymph trypsin inhibitor B (Fragment) OS=Manduca sexta OX=7130 PE=1 SV=1	EDICSLPPEVGPCRAGFLKFAYYSELNKCKLFTYGGCQGNENNFETLQACXQA	0	0_trypt.FASTA
DRAMP01140	GFVDLAKKVVGGIRNALGI	1	1_Antimicrobial_amps.fasta
DRAMP01341	FLPLAVSLAANFLPKLFCKITKKC	1	1_Antimicrobial_amps.fasta
DRAMP02677	AIHRALISKRMEGHCEAECLTFEVKTGGCRAELAPFCCKNRKKH	1	1_Antimicrobial_amps.fasta
tr|A0A2U8JAI3|A0A2U8JAI3_CHEQU Pigment dispersing hormone 2 OS=Cherax quadricarinatus OX=27406 GN=PDH2 PE=2 SV=1	MRGVVVVVVLVMVGMLSILTQAEGLKSQEREVVAELAAYILRVVHGPLNLYADLPSKRNSEILNTLLGSPTLMSEVGKR	0	0_nueropeptides.FASTA
DRAMP30778	DDSVVCAAMSYSFA	1	1_synthetic_amps.fasta
tr|A0A091JBI1|A0A091JBI1_EGRGA Keratin (Fragment) OS=Egretta garzetta OX=188379 GN=Z169_08540 PE=3 SV=1	LCGVATPQPIADSCNEPCVRQCPDSQVVIYPPPVVVTFPGPILSTFPQQSV	0	0_Toxins.FASTA
DRAMP32822	AAVALLPAVLLALLAPQLGKKKHRRRPSKKKRHW	1	1_synthetic_amps.fasta
DRAMP03141	QTPCSSAKKVRCNVHCRGYTKLGSCYDDNCSCVDKPAAMKASFAA	1	1_Antimicrobial_amps.fasta
DRAMP21642	PNDPDSPCVYRMPNARGCSI	1	1_synthetic_amps.fasta
DRAMP03871	YQWQRRMRKL	1	1_synthetic_amps.fasta
DRAMP03904	RKCLRWQWAMRKVGG	1	1_Antimicrobial_amps.fasta
DRAMP04390	INWKKGKEVLKAL	1	1_Antimicrobial_amps.fasta
DRAMP20810	TRKRLKKIGKVLKWI	1	1_synthetic_amps.fasta
DRAMP32935	HFLGTLVNLAKKIX	1	1_synthetic_amps.fasta
DRAMP30781	DDSVVSAAMSYSFA	1	1_synthetic_amps.fasta
tr|A0A3R5SUW0|A0A3R5SUW0_SHEEP Keratin 31 (Fragment) OS=Ovis aries OX=9940 GN=KRT31 PE=4 SV=1	YETELGLRQLVESDINGLRRILDELTLCKSDLEAQVESLKEELICLKSNHEE	0	0_Toxins.FASTA
tr|A0A091GM29|A0A091GM29_CUCCA Keratin (Fragment) OS=Cuculus canorus OX=55661 GN=N303_08833 PE=3 SV=1	CQPCGPTPLANSCNEPCTLQCQDSRVVIQPSPVVVTLPGPILSSF	0	0_Toxins.FASTA
tr|A0A0D9SBI0|A0A0D9SBI0_CHLSB Keratin associated protein 19-2 OS=Chlorocebus sabaeus OX=60711 GN=KRTAP19-2 PE=4 SV=1	MGYGYSCGCGSFHRLGYGCGYEDRRYGCGYRGYADGCCCPSCYRGYRFTSFY	0	0_Toxins.FASTA
sp|Q3LI62|KR204_HUMAN Putative keratin-associated protein 20-4 OS=Homo sapiens OX=9606 GN=KRTAP20-4 PE=3 SV=1	MSYYSHLSGGLGCGLAVAVTMGRTVAVAEYGRCRHGCHSSYSAR	0	0_keratin.FASTA
sp|P00996|ISK1_BOVIN Serine protease inhibitor Kazal-type 1 OS=Bos taurus OX=9913 GN=SPINK1 PE=1 SV=2	MKVASIFLLTALVLMSLSGNSGANILGREAKCTNEVNGCPRIYNPVCGTDGVTYSNECLLCMENKERQTPVLIQKSGPC	0	0_trypt.FASTA
DRAMP04029	KQFRIRVRVIRK	1	1_Antimicrobial_amps.fasta
sp|P18329|3SOA1_DENAN Toxin C13S1C1 OS=Dendroaspis angusticeps OX=8618 PE=1 SV=1	MKTLLLTLLVVTIVCLDLAHTRICYSHKLLQAKTTKTCEENSCYKRSLPKIPLIIIGRGCGCPLTLPFLRIKCCTSDKCN	0	0_Toxins.FASTA
DRAMP30615	IEEIKKKIEEIKKKIEEIKKKIEEIKKKIEEIKKKXX	1	1_synthetic_amps.fasta
tr|A0A2I2YUE6|A0A2I2YUE6_GORGO Keratin associated protein 19-2 OS=Gorilla gorilla gorilla OX=9595 GN=KRTAP19-2 PE=4 SV=1	MCYGYSCGCGSFCRLGYGCGYEGCRYGCGHRGYGDGCCCPSCYRRYRFTGFY	0	0_keratin.FASTA
DRAMP01962	FLPILASLAATLGPKLLCLITKKC	1	1_Antimicrobial_amps.fasta
sp|Q3LI60|KR203_HUMAN Keratin-associated protein 20-3 OS=Homo sapiens OX=9606 GN=KRTAP20-3 PE=3 SV=1	MSYYGNYYGGLGYGYDCKYSYTSGFGAFRILDCGYRCGCGGVWI	0	0_Toxins.FASTA
tr|A0A2P4S3T8|A0A2P4S3T8_BAMTH Keratin (Fragment) OS=Bambusicola thoracicus OX=9083 GN=CIB84_017469 PE=3 SV=1	ILSSFPQNTAVGSSTSAAVGSILSCEGVPITSGGLDLSCISNRYCGRRCNPC	0	0_keratin.FASTA
tr|A0A2K6GNZ9|A0A2K6GNZ9_PROCO Keratin associated protein 19-7 OS=Propithecus coquereli OX=379532 GN=KRTAP19-7 PE=4 SV=1	MSYYGSYYGGLGYGYGCGCGFRRLGYGCGYGGYGYGCYRPSCYGGYWSSGFY	0	0_keratin.FASTA
tr|I2HB41|I2HB41_ATTCE Diuretic hormone-like protein (Fragment) OS=Atta cephalotes OX=12957 PE=2 SV=1	SHESYWDQQDDIDRDEFLEILSRLSRFNRPEMEVRSTKRGLDLGLNRGYSGSQAAKHMMGLAAANYAGGPGRRRRSEQA	0	0_nueropeptides.FASTA
DRAMP29050	GLLKRIKALL	1	1_Antimicrobial_amps.fasta
tr|A0A091E5I5|A0A091E5I5_CORBR Keratin (Fragment) OS=Corvus brachyrhynchos OX=85066 GN=N302_09464 PE=3 SV=1	CGPTPLANSCNEPCVRQCQDSTVVIQPSPVVVTLPGPILSSFPQNTPVGSS	0	0_Toxins.FASTA
DRAMP37196	GLLKRIKTLLPINLKALAALAKKIL	1	1_synthetic_amps.fasta
DRAMP32476	WHSDMEWWYLLGGGGKLLLKLLKKLLKLLKKK	1	1_synthetic_amps.fasta
tr|U3U7C6|U3U7C6_NILLU Eclosion hormone OS=Nilaparvata lugens OX=108931 GN=eh1 PE=2 SV=1	MASKLLLAGLLLLVVALAVVEGNNIGVCIRNCAQCKKMFGAYFEGQLCADACVKFKGKLLPDCEDVASIAPFLNKLE	0	0_nueropeptides.FASTA
sp|P0DRB0|SCX1_CENTE Ct-IT1 OS=Centruroides tecomanus OX=1028682 PE=1 SV=1	KDGYPMNSEGCKISCVIGNTFCDTECKMLKASSGYCWTLGLACYCEGLPENVEVWDKATNKCG	0	0_Toxins.FASTA
DRAMP04227	GLLRRLRKKIGEIFKKYG	1	1_Antimicrobial_amps.fasta
DRAMP36286	RLIQⓍMGDVEKⓍRKR	1	1_synthetic_amps.fasta
DRAMP34039	MRPEIWIAQEARRIGDENNAYYARRVZ	1	1_synthetic_amps.fasta
DRAMP32932	HFLGTLVNXAKKIL	1	1_synthetic_amps.fasta
tr|A0A2U8JAI4|A0A2U8JAI4_CHEQU Pigment dispersing hormone 3 OS=Cherax quadricarinatus OX=27406 GN=PDH3 PE=2 SV=1	MHSSVMVVVLMMLVMATVFTQAQDLKYPERQVVTELAAQIMRVAQGPWSTSLDLPTKRNSGLINSLLGIPKVMNDAGRR	0	0_nueropeptides.FASTA
DRAMP00970	KSCCRSTLGRNCYNLCRVRGAQKLCANACRCKLTSGLKCPSSFPK	1	1_Antimicrobial_amps.fasta
DRAMP02966	KQATVGDINTERPGILDLKGKAKWDAWNGLKGTSKEDAMKAYINKVEELKKKYGI	1	1_Antimicrobial_amps.fasta
sp|Q3LI60|KR203_HUMAN Keratin-associated protein 20-3 OS=Homo sapiens OX=9606 GN=KRTAP20-3 PE=3 SV=1	MSYYGNYYGGLGYGYDCKYSYTSGFGAFRILDCGYRCGCGGVWI	0	0_keratin.FASTA
DRAMP33828	VDKYPYLPRPRPPRRIYNR	1	1_synthetic_amps.fasta
DRAMP36792	NLWGGQGLLGV	1	1_synthetic_amps.fasta
sp|P83578|IKP1_PHYSA Proteinase inhibitor PSKP-1 OS=Phyllomedusa sauvagei OX=8395 PE=1 SV=1	VIEPKCYKYEGKKCPPDINPVCGTDKRTYYNECALCVFIRQSTKKADKAIKIKKWGKC	0	0_trypt.FASTA
tr|A0A0R3STV1|A0A0R3STV1_HYMDI FMRFamide-related neuropeptides OS=Hymenolepis diminuta OX=6216 GN=HDID_LOCUS8863 PE=4 SV=1	MKSSWLLFVATAMLVLVNQTVQATRISPEEEAAIEEMYDFDGSEAPFYIDRRGFLTSSRLGRRKKGFLTAGRLGR	0	0_nueropeptides.FASTA
tr|A0A2I2YUE6|A0A2I2YUE6_GORGO Keratin associated protein 19-2 OS=Gorilla gorilla gorilla OX=9595 GN=KRTAP19-2 PE=4 SV=1	MCYGYSCGCGSFCRLGYGCGYEGCRYGCGHRGYGDGCCCPSCYRRYRFTGFY	0	0_Toxins.FASTA
tr|A0A2K6K383|A0A2K6K383_RHIBE Keratin-associated protein OS=Rhinopithecus bieti OX=61621 PE=3 SV=1	MSYNCCSGNFSSRSFGGYLRYPASSCGFSYPSNLHLPAGFLSLQGLSGDLLG	0	0_Toxins.FASTA
tr|A0A0D9SBI0|A0A0D9SBI0_CHLSB Keratin associated protein 19-2 OS=Chlorocebus sabaeus OX=60711 GN=KRTAP19-2 PE=4 SV=1	MGYGYSCGCGSFHRLGYGCGYEDRRYGCGYRGYADGCCCPSCYRGYRFTSFY	0	0_keratin.FASTA
DRAMP04397	AIGNILKTLGNLAQKILGK	1	1_Antimicrobial_amps.fasta
DRAMP31900	LRLLDRWLRLFNRLLRWLRLLRGL	1	1_synthetic_amps.fasta
DRAMP35717	AGGKRIVQRIKDFLRGAGGKRIVQRIKDFLRG	1	1_synthetic_amps.fasta
tr|A0A1X9WEE2|A0A1X9WEE2_DERRE Ffamide 2 OS=Deroceras reticulatum OX=145610 PE=2 SV=1	MKFSHFFAAIFLVIAMFATGSRVTARDIKDYVGQQPLLFGRRGLNPNMNSLFFGKRGVIDSGVSLRELKNACAMLMTYGA	0	0_nueropeptides.FASTA
sp|P83278|FAR5_MACRS FMRFamide-like neuropeptide FLP5 OS=Macrobrachium rosenbergii OX=79674 PE=1 SV=1	DRTPALRLRF	0	0_nueropeptides.FASTA
sp|P86912|MCPI_NERVS Metallocarboxypeptidase inhibitor OS=Nerita versicolor OX=159942 PE=1 SV=1	FHVPDDRPCINPGRCPLVPDATCTFVCKAADNDFGYECQHVWTFEGQRVGCYA	0	0_trypt.FASTA
sp|P09655|ISK1_RAT Serine protease inhibitor Kazal-type 1 OS=Rattus norvegicus OX=10116 GN=Spink1 PE=1 SV=2	MKVAIIFLLSALALLSLAGNPPAEVNGKTPNCPKQIMGCPRIYDPVCGTNGITYPSECSLCFENRKFGTSIHIQRRGTC	0	0_trypt.FASTA
DRAMP04290	KALKKLLKLASSLLTAL	1	1_Antimicrobial_amps.fasta
tr|A0A345BEE9|A0A345BEE9_LAOST Proctolin OS=Laodelphax striatellus OX=195883 PE=2 SV=1	MGLRAVLMLAVAAALVLGALITADARYLPTRRSQDDRLDRLRELLKDLLESEDHSEYDRRLFYKREMQPPLSIEQLYRQN	0	0_nueropeptides.FASTA
tr|A0A1L2C873|A0A1L2C873_SHEEP Keratin 5 (Fragment) OS=Ovis aries OX=9940 GN=KRT5 PE=4 SV=1	YEDEINKRTTAENEFVMLKKDVDAAYMNKVELEAKVDALMDEINFMKMFFDA	0	0_Toxins.FASTA
tr|A0A091E5I5|A0A091E5I5_CORBR Keratin (Fragment) OS=Corvus brachyrhynchos OX=85066 GN=N302_09464 PE=3 SV=1	CGPTPLANSCNEPCVRQCQDSTVVIQPSPVVVTLPGPILSSFPQNTPVGSS	0	0_keratin.FASTA
DRAMP33634	KVVDNFENILII	1	1_synthetic_amps.fasta
DRAMP30794	ADLEVVAATYVLVD	1	1_synthetic_amps.fasta
DRAMP04257	AAAAGSVWGAVNYTSDCNGECKRRGYKGGYCGSFANVNCWCET	1	1_Antimicrobial_amps.fasta
DRAMP02500	QDRPKKPGLCPPRPQKPPCVRECKNDWICPGEQKCCRYGCIYECRDPIFVK	1	1_Antimicrobial_amps.fasta
DRAMP02185	QEKPYWPPPIYPM	1	1_Antimicrobial_amps.fasta
DRAMP18510	KKLALLALKKWLLALKKLALLALKK	1	1_Antimicrobial_amps.fasta
DRAMP29134	GLLGPLLKIAAKVGKNLL	1	1_Antimicrobial_amps.fasta
tr|I2HB40|I2HB40_CAMFO Diuretic hormone-like protein (Fragment) OS=Camponotus floridanus OX=104421 PE=2 SV=1	SHESYWDQQDDIDRDEFLELLSRLSRTVMNRPEMENSKRGLDLGLSRGFSGSQAAKHLMGLAAANYAGGPGRRRRSEQA	0	0_nueropeptides.FASTA
DRAMP20866	(RRWQWR)4-K2-(AHX)2-C2	1	1_synthetic_amps.fasta
DRAMP01792	SIFPAIVSFLSKFL	1	1_Antimicrobial_amps.fasta
sp|P86581|TRP6_ONCFA Tachykinin-related peptide 6 OS=Oncopeltus fasciatus OX=7536 PE=1 SV=1	APSMGFMGMR	0	0_nueropeptides.FASTA
tr|A0A2U8JAH8|A0A2U8JAH8_CHEQU Pigment dispersing hormone 1 OS=Cherax quadricarinatus OX=27406 GN=PDH1 PE=2 SV=1	MRSATMLALLVAVIMSAAISEAQELKYPEREVVAELAAQILRVVHGPWSTVVPGPHKRNSELINSILGLPKVMNDAGRR	0	0_nueropeptides.FASTA
DRAMP32841	GLFKIISKLAKKA	1	1_synthetic_amps.fasta
DRAMP34092	MRPEIWAAQELDRNGDEVNAYYARRVZ	1	1_synthetic_amps.fasta
tr|A0A1L2C873|A0A1L2C873_SHEEP Keratin 5 (Fragment) OS=Ovis aries OX=9940 GN=KRT5 PE=4 SV=1	YEDEINKRTTAENEFVMLKKDVDAAYMNKVELEAKVDALMDEINFMKMFFDA	0	0_keratin.FASTA
DRAMP01891	FLPVIASVAAKVLPKVFCFITKKC	1	1_Antimicrobial_amps.fasta
tr|A0A1I7XNW5|A0A1I7XNW5_HETBA FMRFamide-related neuropeptides-like OS=Heterorhabditis bacteriophora OX=37862 PE=4 SV=1	MNVSTIFQAFLFILTVLLVNTTVEQEYEELYPYVDVPSDFIKRSDWFSEGRTFKGLRGLRGKRMPYMNLKGLRGKRTV	0	0_nueropeptides.FASTA
DRAMP04048	RRLCRIVVIRVCRR	1	1_Antimicrobial_amps.fasta
tr|A0A2K5LIL2|A0A2K5LIL2_CERAT Keratin-associated protein OS=Cercocebus atys OX=9531 PE=3 SV=1	MSYNYCSGNFSSSSCGGYLRYPGYSCGYSYHSNLHLPAGFLSFSGDLLGHP	0	0_Toxins.FASTA
DRAMP02051	ILPFVAGVAAEMMQHVYCAASKKC	1	1_Antimicrobial_amps.fasta
DRAMP04363	INWSKIFEKVKNLV	1	1_synthetic_amps.fasta
sp|P00998|ISK1_PIG Serine protease inhibitor Kazal-type 1 OS=Sus scrofa OX=9823 GN=SPINK1 PE=1 SV=1	TSPQREATCTSEVSGCPKIYNPVCGTDGITYSNECVLCSENKKRQTPVLIQKSGPC	0	0_trypt.FASTA
sp|Q3LI62|KR204_HUMAN Putative keratin-associated protein 20-4 OS=Homo sapiens OX=9606 GN=KRTAP20-4 PE=3 SV=1	MSYYSHLSGGLGCGLAVAVTMGRTVAVAEYGRCRHGCHSSYSAR	0	0_Toxins.FASTA
tr|A0A091WRQ5|A0A091WRQ5_NIPNI Keratin (Fragment) OS=Nipponia nippon OX=128390 GN=Y956_08535 PE=3 SV=1	LCGVAVPQPIADSCNEPCVRQCPDSRVVIYPPPVVVTIPGPILSTYPQQSV	0	0_Toxins.FASTA
DRAMP21006	KCRRLCYRQRCVTYCRGR	1	1_synthetic_amps.fasta
tr|A0A091IJB1|A0A091IJB1_CALAN Keratin (Fragment) OS=Calypte anna OX=9244 GN=N300_14415 PE=3 SV=1	LCGVAVPQPVAESCNEPCVRQCPDSKVVIYPPPVVVTFPGPILSTFPQQSV	0	0_keratin.FASTA
tr|A0A8B9GGJ0|A0A8B9GGJ0_9PSIT Neuropeptide S OS=Amazona collaria OX=241587 PE=4 SV=1	RKLLPQISAFSNPFYLNCQLYGKSDYCLVLLNNCLAKVGRREEAAALKPYLEMPFNKRSFRNGVGSGIKKTSSRRAKS	0	0_nueropeptides.FASTA
DRAMP04656	IKIPAVVKDTLKKVAKGVLSAVAGALTQ	1	1_Antimicrobial_amps.fasta
DRAMP03999	ILGKIAEGIKSLF	1	1_synthetic_amps.fasta
sp|P01062|IBB_VIGRR Bowman-Birk type trypsin inhibitor OS=Vigna radiata var. radiata OX=3916 PE=1 SV=2	SHDEPSESSEPCCDSCDCTKSIPPECHCANIRLNSCHSACKSCICTRSMPGKCRCLDTDDFCYKPCESMDKD	0	0_trypt.FASTA
DRAMP18712	GFGKAFHSVSNFAKKHKTA	1	1_Antimicrobial_amps.fasta
DRAMP33073	GLLXRIKTLL	1	1_synthetic_amps.fasta
tr|A0A091JBI1|A0A091JBI1_EGRGA Keratin (Fragment) OS=Egretta garzetta OX=188379 GN=Z169_08540 PE=3 SV=1	LCGVATPQPIADSCNEPCVRQCPDSQVVIYPPPVVVTFPGPILSTFPQQSV	0	0_keratin.FASTA
tr|A0A091WRQ5|A0A091WRQ5_NIPNI Keratin (Fragment) OS=Nipponia nippon OX=128390 GN=Y956_08535 PE=3 SV=1	LCGVAVPQPIADSCNEPCVRQCPDSRVVIYPPPVVVTIPGPILSTYPQQSV	0	0_keratin.FASTA
tr|A0A2K5LIL2|A0A2K5LIL2_CERAT Keratin-associated protein OS=Cercocebus atys OX=9531 PE=3 SV=1	MSYNYCSGNFSSSSCGGYLRYPGYSCGYSYHSNLHLPAGFLSFSGDLLGHP	0	0_keratin.FASTA
tr|A0A4D6BMX9|A0A4D6BMX9_NEPNO Phoenixin OS=Nephrops norvegicus OX=6829 PE=2 SV=1	MTILRGWRYGLFVGGLVGFISAALYPIVIYPMMNVDNYKNIQAVTRKGINQEDVQPGNMKVWSDPFGRKS	0	0_nueropeptides.FASTA
tr|A0A3R5SUW0|A0A3R5SUW0_SHEEP Keratin 31 (Fragment) OS=Ovis aries OX=9940 GN=KRT31 PE=4 SV=1	YETELGLRQLVESDINGLRRILDELTLCKSDLEAQVESLKEELICLKSNHEE	0	0_keratin.FASTA
sp|P00979|VKTH1_DENPO Kunitz-type serine protease inhibitor homolog dendrotoxin I OS=Dendroaspis polylepis polylepis OX=8620 PE=1 SV=2	QPLRKLCILHRNPGRCYQKIPAFYYNQKKKQCEGFTWSGCGGNSNRFKTIEECRRTCIRK	0	0_trypt.FASTA
DRAMP33101	GLLKRIXTLL	1	1_synthetic_amps.fasta
DRAMP30713	KSKKVKISLPCNSTKNLTFA	1	1_synthetic_amps.fasta
DRAMP01733	FFPIVGKLLSGLSGLL	1	1_Antimicrobial_amps.fasta
DRAMP02787	SLQPGAPNVNNKDQPWQVSPHISRDDSGNTNTDINLQRHGENHDFDAGWSKVVRGPNKAKPTWHVGGTYRW	1	1_Antimicrobial_amps.fasta
tr|A0A2K6K383|A0A2K6K383_RHIBE Keratin-associated protein OS=Rhinopithecus bieti OX=61621 PE=3 SV=1	MSYNCCSGNFSSRSFGGYLRYPASSCGFSYPSNLHLPAGFLSLQGLSGDLLG	0	0_keratin.FASTA
tr|I2HB76|I2HB76_HARSA Diuretic hormone-like protein (Fragment) OS=Harpegnathos saltator OX=610380 PE=2 SV=1	HESYWDQQDDIDRDEFLEILSRLSRTVMSHPEMESTKRGLDLGLSRGFSGSQSAKHMMGLAAANYAGGPGRRRRSEQA	0	0_nueropeptides.FASTA
sp|Q9PSM2|ISK1_STRCA Pancreatic secretory trypsin inhibitor OS=Struthio camelus OX=8801 GN=SPINK1 PE=1 SV=1	EPDSAADTGTEAACSNYDLKKGCAKIFDPVCGTDNILYSNECLLCFQNLQRKTNVRIKRRGTCQEPSPR	0	0_trypt.FASTA
DRAMP35881	TSFAEYWALLSXLAXYXP	1	1_synthetic_amps.fasta
sp|Q9UAD0|CTXL_OLIMR Chlorotoxin-like BmK CT OS=Olivierus martensii OX=34649 PE=1 SV=1	MKFLYGIVFIALFLTVMFATQTDGCGPCFTTDANMARKCRECCGGIGKCFGPQCLCNRI	0	0_Toxins.FASTA
sp|P83655|KKX13_HETSP Potassium channel toxin kappa-KTx 1.3 OS=Heterometrus spinifer OX=118530 PE=1 SV=1	GFGCYRSCWKAGHDEETCKKECS	0	0_Toxins.FASTA
DRAMP30154	WVNQLAVLGLPAVDAAVA	1	1_synthetic_amps.fasta
