sequence	label	cluster_id	split
APSMGFMGMR	0	1329	train
(RRWQWR)2-K-(AHX)	1	-1	unknown
CGPTPLANSCNEPCVRQCQDSTVVIQPSPVVVTLPGPILSSFPQNTPVGSS	0	386	train
(RRWQWR)4-K2-(AHX)2-C2	1	-1	unknown
CQPCGPTPLANSCNEPCTLQCQDSRVVIQPSPVVVTLPGPILSSF	0	428	train
AAAAAAARRRRΦFKX	1	-1	unknown
DRTPALRLRF	0	1330	test
AAAAARRRRΦFKX	1	-1	unknown
EDICSLPPEVGPCRAGFLKFAYYSELNKCKLFTYGGCQGNENNFETLQACXQA	0	370	train
AAAAGSVWGAVNYTSDCNGECKRRGYKGGYCGSFANVNCWCET	1	446	train
EPDSAADTGTEAACSNYDLKKGCAKIFDPVCGTDNILYSNECLLCFQNLQRKTNVRIKRRGTCQEPSPR	0	260	train
AACARFIDDFCDTLTPNIYRPRDNGQRCYAVNGHRCDFTVFNTNNGGNPIRASTPNCKTVLRTAANRCPTGGRGKINPNAPFLFAIDPNDGDCSTNF	1	29	train
FHVPDDRPCINPGRCPLVPDATCTFVCKAADNDFGYECQHVWTFEGQRVGCYA	0	371	train
AACEVAKNLNESLIDLQELGKYEQYIKW	1	634	train
GFGCYRSCWKAGHDEETCKKECS	0	677	train
AACSDRAHGHICESFKSFCKDSGRNGVKLRANCKKTCGLC	1	481	train
HESYWDQQDDIDRDEFLEILSRLSRTVMSHPEMESTKRGLDLGLSRGFSGSQSAKHMMGLAAANYAGGPGRRRRSEQA	0	198	test
AAEFPDFYDSEEQMGPHQEAEDEKDRADQRVLTEEEKKELENLAAMDLELQKIAEKFSQR	1	328	train
ILSSFPQNTAVGSSTSAAVGSILSCEGVPITSGGLDLSCISNRYCGRRCNPC	0	377	train
AAEIGDKSWLY	1	1221	test
KDGYPMNSEGCKISCVIGNTFCDTECKMLKASSGYCWTLGLACYCEGLPENVEVWDKATNKCG	0	304	train
AAFRGCWTKNYSPKPCL	1	803	train
KEGYLVDYHTGCKYTCAKLGDNDYCVRECRLRYYQSAHGYCYAFACWCTHLYEQAVVWPLPNKRCKGK	0	269	train
AAGGVKKPKKAAAAKKSPKKPKKPAAA	1	648	train
LCGVATPQPIADSCNEPCVRQCPDSQVVIYPPPVVVTFPGPILSTFPQQSV	0	387	train
AAGKGLVSNLLEK	1	894	train
LCGVAVPQPIADSCNEPCVRQCPDSRVVIYPPPVVVTIPGPILSTYPQQSV	0	387	train
AAGMGFFGAR	1	1331	test
LCGVAVPQPVAESCNEPCVRQCPDSKVVIYPPPVVVTFPGPILSTFPQQSV	0	387	train
AAGNPSETGGAVATYSTAVGSFLDGTVKVVATGGASRVPGNCGTAAVLECDNPESFDGTRAWGDLSADQGTGEDAPPETASLIFAVN	1	123	train
LIAPGDIAPRRDSEHELYVAVLSNALHRAADTGRVITCPFIPGRVPEDLLAMVVAVEQPNGTLLPELVQWLHVAALGAPLGNAGVAALREAASVVTALLC	0	0	train
AAHCLAIGRR	1	1332	train
MAAAAACAATAV	0	1016	train
AAHHIIGGLFSAGKAIHRLIRRRRR	1	662	train
MAAEANRIARKCERAVITAYKELREVGTADVTAFNACTTLYRIHHPEASVNEARRLVSEWIDHHVVRMDSGPTKGCDCN	0	184	train
AAHLIDALYAEFLGGRVLTT	1	429	test
MAAGVDEFADSLTELVHQSVKPAENSHLQWLHM	0	556	train
AAHLIDALYAEFLGGRVLTTPVVHRALFYASAVLRQPFLAGVPSA	1	429	test
MAARDQTTSAE	0	1222	train
AAKAAAKAAAKAA	1	895	train
MAAVTDEHPGNN	0	1017	train
AAKAWKKAKAWKKAKWWKKAA	1	700	train
MAAVVASGLASLHDLKTVYDSEDFYTLVEILSVRNWNMAHTPAQESPQTWPKL	0	372	train
AAKIILNPKFRCKAAFC	1	804	train
MACAMAYAALYTL	0	896	train
AAKKLSKLLKTLLKLL	1	827	train
MADCIRLLVGEQ	0	1018	train
AAKKWAKAKKWAKAKKWAKAA	1	701	train
MADKPRFFDDLAGVAGGAFSALTGVREEIHAIVRSRVDEVLTGLQVVRREEFEVMRDLAAQARIGQEEAERRLAALEERVTALEHKLAHNTHEHGHQHQD	0	1	test
AAKKWAKAKWAKAKKWAKAA	1	701	train
MADLQEQGWLPLV	0	897	test
AAKLLLKLLLKAA	1	898	train
MADMQTTWIVTVTSNSAVFASYSEPKWFPRLMAYRCSDEEEDWYYVIVPNASAVTIASTP	0	329	train
AAKLLLNPKFRCKAAFC	1	805	train
MADNNVSSGVVVSSGDSLTILNTVVGLTVQSGGSVANLGNVSSVTDQGSVQNLSTMQSVTIEDGGTLENAGGSLALQLHFVS	0	163	test
AAKPMGITCDLLSLWKVGHAACAAHCLVLGDVGGYCTKEGLCVCKE	1	417	train
MAEHAYTMPGKCWAVLTLARLHSDTLAAIGAAGLSMLALAGFLHPEHLHSPSGVQAQHTQPQHIPTMSPQHRAGAVLALSSSRRAGA	0	124	test
AAKVVILKKATEYVES	1	828	train
MAEKKNKDSKKQAQDEKLDEALDESFPASDPPSQTGFTGDKGPPEKPTKKPTK	0	373	train
AALGDTAWDFGSIGGVFNSIGRAVHQVFGGAFRTL	1	532	train
MAEQMNIADELLTSMEQAVGIAAGTVKPGRIWTPPEINVADIRKRTGLSQVRFAARYGFSAAAVRDWEQKRRTPEKAARTLLMLIDKEPQAVERVLVGV	0	14	test
AALKGCWTKSIPPKPCFGKR	1	716	train
MAGNIISNYLECT	0	899	train
AALKGCWTKSIPPKPCSGKR	1	716	train
MAGYDDDAVPGFHVPVHRSLTDPILLGGAPRAVAIANGTLAAAIALGLRLWLIGAAFWIVGHGLAVWGAKRDPFFIEVGRRHLRYPAWLRA	0	73	train
AALRGALRAVARVGKAILPHVAIANPYVRTPYVHNNP	1	518	train
MAILRWVLIFLIFALLASIFGFSGAAGNFTEIAKILLFVFVVLLVISLFFGRTPRT	0	351	train
AALRGCWTKSIPPKPCPGKR	1	717	train
MAITKIVQGNGDGAPKNIGARIGWFVVIWTLSTAVFFAGASLLHLIIPK	0	398	train
AALRGCWTKSIPPKPCSGKR	1	717	train
MAKCASLLSETF	0	1019	train
AANFGPSVFTPEVHETWQKFLNVVVAALGKQYH	1	557	train
MAKEIAISPDGFVAEIQGRGFLGEASLIAGCHEQTAPPPVLDDELVHV	0	407	test
AAPFLECQGRQGTCHFFAN	1	745	train
MAKSNTLQAMLDRAKGSGEAMPTPSPKPDISSRKPTLNGRKGTKLIGGHFSPEVSTQLRIIAAEEGTTVQSLLGEALDDLFVKKGRIRIVSG	0	63	train
AAPKITQKQKNCVNGQLGGMLAGALGGPGGVVLGGIGGAIAGGCFN	1	418	train
MAKTNVIKIRLVSTADTGYFYVTKKNARAHTGKMELKKYDPVARKHVVFREAKIK	0	357	train
AAPRGGKGFFCKLFKDC	1	806	train
MALERSCWWKVG	0	1020	train
AAQRRGRIGRNPSQVGD	1	807	train
MALYSQTVKVQ	0	1223	train
AAQRRGRVGRNPNQVGD	1	808	train
MAMFTRLQNSKE	0	1021	train
AASKAAKTLAKLLSSLLKL	1	746	train
MAMSATELETYIRQAFPDAQIKIDDLAGDGDHYACSVVSEAFRGLSRVRQHQLVYQALQGHMGGKLHALALTTSAP	0	210	train
AASKALRTASRLARSLLT	1	783	train
MANHAITPVYNDLKLISTPENIIRTEGMRRILACRRALMSALKDAINYGYSDAEIDELYETEASVFKNMREWEAL	0	219	train
AATKPKKAGAEAAPKKPAKKQTKKKPAKKAGGKKKPKRAGAKKAKK	1	419	train
MANIASARKRIRQTAKRTARNTARKSRMRTFIKKVETAVEAGDHGAAREALRLAQPEIQRAATKGVIHHNTVARKISRLSARVKALAPA	0	102	train
AAVALLPAVLLALLAPMPFSTGKRIMLGE	1	619	train
MANSQATKYKR	0	1224	train
AAVALLPAVLLALLAPQLGKKILAARPSKKKRHW	1	540	train
MANTGFCTPSFK	0	1022	test
AAVALLPAVLLALLAPQLGKKKHRRRPSKKKRHW	1	541	test
MAPNHHQVAVSF	0	1023	train
AAVALLPAVLLALLAPQLGRRRHRRRPSRRRRHW	1	542	test
MAQKKAGGSSRNGRDSAGRRLGVKKFGGEQVIAGNIIVRQRGTKVKAGVNVGVGKDHTLFALINGNVRFERRAEGRVHVSVDALPAAAE	0	103	test
AAVLLPVLLAAP	1	1024	train
MARAAIGWGVRDLAKEAGVSPDTIARLERGEELKTSTIEAIRSALEAAGVEFIPENGGGAGVRLRKDFEK	0	251	train
AAWKWAWAKKWAKAKKWAKAA	1	701	train
MAREALNWRELDPKIRHYARCGFSIRRQASKLSISEISIKKRRAFLGIAKKKHAAQENSSHVAS	0	296	train
AAWWAGIKQEF	1	1225	train
MAREALNWRELDPKIRHYARCGFSIRRQASKLSISEISIKKRRAFLGITKNKHTAQENSSHVAS	0	296	train
AAXVVILKKXTEYVHS	1	829	train
MARFIYGLKNHE	0	1025	test
AAYFLLKLAGRW	1	1026	train
MARFPSKTCASSCRITLKSVLAKAGQFGLTGFFINSSPGRLNPKYIVAQRLQPVAVDASQQGSRADADIS	0	252	train
AAⓀLLPⒹLLAAP	1	-1	unknown
MARGGARPGAGRKKKVVEEEYRGPLIEDYSKLTPVIYWQAILQDPKAPPSWRLMAADKLAPYKHAKPAPRRTDEGQGDFFPEDQSSDDATFSSLPPVRH	0	15	train
ACAPWGNTWCGGK	1	900	train
MARKPDRIRIEVFGPTEAETAEEAFRPSNEAVRSLARLIGRQIAREQFERARALERKQTRQKRSGPMR	0	270	test
ACAWAGIKQEF	1	1226	train
MARSVWKGPFVDGYLLNKAEVSRASGRNEVIKIWSRRSTILPQFVGLTFGVYNGQKFLPVQVTENMVGHKFGEFSPTRTFHGHGADKKSKRG	0	64	test
ACDCRGDCFCGGGGIVRRADRAAVP	1	663	test
MARTDPQLKLRLSPELKEKVEKSADSNHRSINAEIVQRLDASLSGRPILDVSESEGLDADERALVRMWRAMNEGERFALRVVAERLAEKSSSDGTA	0	37	train
ACELKWESEFWRWTEQLA	1	784	train
MASKLLLAGLLLLVVALAVVEGNNIGVCIRNCAQCKKMFGAYFEGQLCADACVKFKGKLLPDCEDVASIAPFLNKLE	0	207	train
ACFAWGNTWCGGK	1	901	train
MASPSKVSSQNKI	0	902	train
ACFKFLGECGAVPFPGTNADCTSCCVGNFGSAVCAGRVEVEGGVKHCHCYGTS	1	374	train
MASSIYFDHAATTPCDPRVRAVLLDVLDHENGNPHSTTHEAGMRAADRVAHARNQVASLIGADAKEIIFTSGATEANNLAIKGLCAIWLHRVARANAL	0	21	train
ACFPAGNTWCGGK	1	903	train
MATFQCPPAPPVQ	0	904	train
ACFPWANTWCGGK	1	905	train
MATGTVKWFNPTKGFGFIQPDNGGQDAFVHISELERAGMHTLTEGQQVSYELEAGRNGKTSAVSIKAI	0	271	train
ACFPWGATWCGGK	1	906	train
MATSTKYFLLWR	0	1027	train
ACFPWGKEYCGGK	1	907	test
MATVQCLEQSLK	0	1028	train
ACFPWGNAWCGGK	1	908	train
MAVIPMKGPAFLMAMDTVIGGIHIQNDPGGCALMLVKEERDEQGSQGLMISNDPTVTICLVATALQPVQRGFSCQCCAVCPAS	0	153	train
ACFPWGNQWCGGK	1	908	train
MAVPKKKTSPSRRGMRRSHEALNVEAFAECSNCGELKRPHHVCSHCGHYDGREVVASGKALKVAVRA	0	279	train
ACFPWGNTACGGK	1	909	train
MAVVYVVFRWMAI	0	910	train
ACFPWGNTWCGGK	1	903	train
MAWQLQVSGNG	0	1227	train
ACFTFLGECGPEPFTGSNADCLACCVALYKSPPVCAGRVEGVPAHCHCYKS	1	388	test
MCAEPVTAMQPDAHKPKWREAVRERWRTTLLYVWERNGTPHPYAALPHTARRKVCAGARPATAAHGAGKPAHAV	0	230	train
ACGGGGGDVGSLISASLFDQMLKYRNDPRCCXXGF	1	533	train
MCARESACACL	0	1228	train
ACGWAGIKQEF	1	1226	train
MCFDAILFWKKM	0	1029	train
ACHAHCQSVGRRGGYCGNFRMTCYCY	1	653	train
MCFTGWMAVAYSHPQDSWAMLTFRWVFPVSGAIMVAAGFVFLNRPVPQNVWESFEASSDDEDADEIVSNMDGR	0	236	train
ACLPNSCVSKGCCCGBSGYWCRQCGIKYTC	1	586	train
MCFYMNKTVLLY	0	1030	train
ACNFQSCWATCQAQHSIYFRRAFCDRSQCKCVFVRG	1	525	train
MCGPVYIFSPLL	0	1031	train
ACQCPDAISGWTHTDYQCHGLENKMYRHVYAICMNGTQVYCRTEWGSSC	1	399	train
MCIQHFFLEDLVL	0	911	train
ACQFWSCNSSCISRGYRQGYCWGIQYKYCQCQ	1	568	train
MCLFLLVRKKSRL	0	912	train
ACRSSGRYCRSPYDRRRRYCRRITDACV	1	635	train
MCLFLQAQTLM	0	1229	train
ACWAAGIKQEF	1	1230	train
MCLHNKKRHPLM	0	1032	train
ACWGAGIKQEF	1	1230	train
MCLKRNPKYFTFH	0	913	train
ACWWAAIKQEF	1	1231	train
MCLLTALKKGNLH	0	914	train
ACWWAGAKQEF	1	1232	test
MCLMSRRWRRGC	0	1033	train
ACWWAGIAQEF	1	1233	train
MCLWNFINQKN	0	1234	train
ACWWAGIKAEF	1	1235	test
MCMCACTSAST	0	1236	test
ACWWAGIKQAF	1	1237	test
MCNLKPIKDQSS	0	1034	test
ACWWAGIKQEA	1	1238	train
MCNLVDNTAEHRFEMIQNGHKTFIDDAKKGSVIVLLHTEVPSALRGQGAGSRLARAVLDAVRSNNMKLSIKCDFLLHFIAKHPEYKNLVSV	0	74	train
ACWWAGIKQEF	1	1231	train
MCPMHVHVINADGEAVIEIGRKARLIWAGGMKDKVIQEALVIVQDHAEMLAEAWETIHGE	0	330	test
ACWWAGIRQEF	1	1233	train
MCRYCLNLLSNKM	0	915	train
ACYCRIGACVSGERLTGACGLNGRIYRLCCR	1	576	train
MCSCGVCCYSVE	0	1035	train
ACYCRIPACFAGERRYGTCFYLGRVWAFCC	1	587	train
MCSPKLTHLVAH	0	1036	train
ACYCRIPACIAGERRYGTCIYQGRLWAFCC	1	588	train
MCTAVELCNVIGR	0	916	train
ACYCRIPACLAGERRYGTCFYLGRVWAFCC	1	587	train
MCTDIGTSTSKL	0	1037	train
ACYCRIPACLAGERRYGTCFYLRRVWAFCC	1	587	train
MCTNLLRYGGKV	0	1038	train
ACYCRIPACLAGERRYGTCFYMGRVWAFCC	1	587	train
MCVCXGGGVVH	0	1239	train
ACYCRIPACLAGERRYGTCFYRRRVWAFCC	1	589	train
MCYFVSVISVEIL	0	917	train
ACYCRIPACLAGERRYGTCIYQGRLWAFCC	1	588	train
MCYGYSCGCGSFCRLGYGCGYEGCRYGCGHRGYGDGCCCPSCYRRYRFTGFY	0	378	train
ADDINPKEECFFEDDYYEFE	1	718	train
MDFYVSPETILL	0	1039	test
ADDKNPLEEAFREADYEVFLEIAKNGL	1	649	train
MDGERISGDEDAAVGGIAADRLRSIIERVERLEEERKALAGDIKDIFTEAKSAGFDVKVIRQIIRLRKQEPAEVEEQETLLDIYRRALGM	0	86	train
ADDKNPLEECFCEDDDYCEG	1	719	train
MDGSDTACLKTS	0	1040	train
ADDKNPLEECFREDDYEEFLEIAKNGLKKTSNPKHIVYPVKPSEQLYEESLRDQLPTSMHRYPSMIQKIFFAGEYTANAHGWIDSTIK	1	113	train
MDIAAAREIGAGIAVIALAGVGIGLGNIFSTLVSSIARNPASRPHVFGLGMLGFALTEAIALFALLIAFLILFV	0	231	train
ADDKNPLEECFREDDYEGFLEIAKNGLSTTSNPKRVVIVGAGMSGLAAY	1	400	train
MDIFLTFSLLLL	0	1041	train
ADDKNPLEECFRETDYEEFLEIARNGLKATSNPKRVV	1	519	train
MDKLIKAENLL	0	1240	train
ADDKNPLEEFRETNYEVFLEIAKNGLKATSNPKRVVIVGAGMAGLSAAY	1	401	train
MDLSKAKIDFNDDTRAVLKSVDGSSRGRVKKALEQFSSNPLYPALRFEKLTNKPLYTIRASYNLRIYMVHNGDNTMTIVEISNHDVSKRRS	0	75	train
ADDRNPLEECFRETDYEEFLEIAKNGLSTT	1	590	train
MDLYREGRVFTT	0	1042	train
ADDRNPLEECFRETDYEEFLEIARNGLKKT	1	519	train
MDMQADRQIGR	0	1241	train
ADDRNPLEEFRENNYEEFL	1	747	test
MDPCFLCVKGQ	0	1242	train
ADDRNPLEQCFRETDYEEFLEIARNNLKATSNPKHVVIVGAGMAGLSAAYVLSGGGHQVTV	1	318	test
MDPKSLFSLSDHLDALSKEGDPLEVLQETVDFEYFRAWLVEGLGYGDGSKGGRPPFDPVMMFNADFSHLRQFRVIS	0	211	train
ADGAPRPGAPLA	1	1043	test
MDTGLILHASLR	0	1044	train
ADIKRCVVDVKLSKPCTFQECIPLCFQRYNGNGVCTGKKNEICTCAYNC	1	402	train
MDVNERILSRERYKLVREILIHGKNACEPYETA	0	558	train
ADLEVVAATFVLVA	1	873	train
MEARLKLSVLVFVPVVHPDEIYSVISRIYAQTHVR	0	534	train
ADLEVVAATHVLVA	1	873	train
MECVNICIAVQYW	0	918	test
ADLEVVAATYAAAA	1	874	train
MECVQDSLKINK	0	1045	train
ADLEVVAATYKKKK	1	875	train
MEDHTHCLHKAN	0	1046	train
ADLEVVAATYV	1	874	train
MEELADKKGGPDK	0	919	test
ADLEVVAATYVDDA	1	876	train
MEETLSQTINIY	0	1047	train
ADLEVVAATYVDDD	1	876	train
MEGINEKLNNNLG	0	920	train
ADLEVVAATYVDVA	1	876	train
MEGWEGREGGR	0	1243	train
ADLEVVAATYVDVD	1	877	test
MEHALLDGFDDATDLFLDLHLFHLPDIGIGPALAVKAIGLLRIGAHRLGRDLGGHHPVLEAGEHAALQIGAGDRPAVSAGTIGDVG	0	133	train
ADLEVVAATYVKKK	1	875	train
MEIKIVFLLKFM	0	1048	train
ADLEVVAATYVLDA	1	876	train
MEIKKSTRILW	0	1244	train
ADLEVVAATYVLDD	1	876	train
MEILVLVETTGL	0	1049	train
ADLEVVAATYVLVA	1	873	train
MEKDIFENMIYMKMEYLRIWDSASINLHIFVNYFRDAISITETIGSTGICVDKVSDERDTAN	0	308	train
ADLEVVAATYVLVD	1	877	test
MEKDINTIIDVDPNEAEILIQVTEMLFEEWYGDRHKRAERLAQVKKIADTKKEQKALPSPS	0	319	train
ADMDFTGIAESIIKKIKETNAKPPA	1	664	test
MEKESAYNVQDAFLNQIRRSRAAVTVFLVNGVKLQGFITWFDDEVVLLRRDEQTQLIYKHAISTVMPSIPVNISDSNTADAQADRDLSLGDEFL	0	48	train
ADNKNPLEECFRETNYEEFLEIAR	1	519	train
MEKPLNKQELVSAVAEAVDLPKAKAGEVVDAVFGAIEKALSTKQEVRLVGFGTFVTATRKAAKGRNPRTGEEIDIPASTSVRFKPGKALKDAVSG	0	40	train
ADPRNPLEECFRETD	1	590	train
MEKPRVWPQDDGDPITCHEKLRVLEENWQEVQDIMRDAFEDAMLMGVSEQFMRARLKDMVDSLASPKNGGQVA	0	237	train
ADPTFGFTPLGLSEKANLQIMKAYD	1	665	train
MEKVVILRYTVN	0	1050	train
ADRGWIKTLTKDCPNVISSICAGTIITACKNCA	1	559	train
MELRPVLDIGGLLVSSFVVHAGLAIATLLALNPVLSKVRARRVVWNLPLAEFGILICLIGLYTILL	0	284	train
ADSRNPLEEEFRETNYEEF	1	748	train
MEMSSFFAFTS	0	1245	train
ADTLACRQSHGSCSFVACRAPSVDIGTCRGGKLKCCKWAPSS	1	464	train
MENTLSCIDDKF	0	1051	train
ADTLACRQSHQSCSFVACRAPSVDIGTCRGGKLKCCKWAPSS	1	464	train
MENWLHKTSEHRARSDQTDLRRVRIDPNFWYPVAWSRELRREKALDVQFAGHHVVIVRPKDGAPYALDGLCPHRQVLWAKGMYTVS	0	134	train
ADVILMCFSIDSPDSLENI	1	749	train
MEPGLVIRALKL	0	1052	test
ADVRNPLEEFRETDYEVL	1	785	train
MEPSALTERGSR	0	1053	train
AEAASQVTNTATIM	1	878	train
MEPSLPQTDEHAGKQHPATQPPAGQDPIARLDRALQRISFAVEKGLQQQTRTGTEKQELVANVDALLSRVHDALERADKPSPLTFYNPAEHEQGN	0	41	train
AEAIPMSIPPEVKFNKPFVF	1	720	train
MEPSSYFQAFML	0	1054	train
AEAMSQVANTATIM	1	879	train
MEPTALRERGTR	0	1055	train
AEAMSQVTNTATIM	1	879	train
MEPTALRGRGFG	0	1056	train
AEASQVTNTATIM	1	878	train
MEQRDNLLARQQV	0	921	train
AECVVSCSMSYTKA	1	880	train
MERKGKIQRERE	0	1057	train
AEDEPAAAHL	1	1333	train
METCEQLTVNIH	0	1058	train
AEEASKKAEEASKKAEEASKKAEEASKKAEEASKKXK	1	520	train
MEVITVEEPXFLM	0	922	train
AEEASKKAEEASKKAEEASKKAEEASKKAEEASKKXX	1	520	train
MEVRAQSFKLRI	0	1059	test
AEEMGKGEVTISLRCKTKTECLKNIACEACVDCRCDKGICKCHGFTAETNNPTV	1	363	train
MEYDTIVQSIYG	0	1060	train
AEEQQKKNEEELKKLEX	1	809	train
MEYHIYSNISLYFLGINESYSRILQHSHYKISNFNLYVRAELKW	0	435	test
AEIKKFSYDHCFHLCVAGEYGSNECFVDCAQKGFWHGDCANRTEKDPIRCCCYN	1	364	train
MEYXHLERGWSL	0	1061	train
AEIQGNINHV	1	1334	train
MFAMYDVLDELISIVISLLKRNVFQKMQVIESTSIKYGK	0	503	train
AELPPEFAAQLRKIGDKVYC	1	721	train
MFCVYFVGEYRS	0	1062	train
AELRCMCIKTTSGIHPKNIQSLEVIGKGTHCNQVEVIATLKDGRKICLDPDAPRIKKIVQKKLAGDES	1	272	train
MFDKAAAAFERRNTQQESILQIMKDCVFFESTRKEARLTKQQIIDAMHLGASAFYSDRETDAKKQYLRTAGKALMQLWHDLEEEDRAGVGQKALA	0	42	train
AEMLERVIKNY	1	1246	test
MFDRHAPSPARYLRTHQAAQILGLSPRTLEKYRCHGSGPTFRKLGGRVVYLIDDLDAWATASACRSTSDPNYDEARSAGLDRR	0	154	test
AEMLESVIKNY	1	1246	test
MFERVVEVGSPGL	0	923	train
AEPERRNIKYL	1	1247	test
MFGNMQRQTNLFS	0	924	test
AEQDMRELTY	1	1335	test
MFGTDFLICVSD	0	1063	train
AERVGAGAPVYL	1	1064	train
MFIAMATQLQT	0	1248	train
AETTKFSYDHCFHLCVEGEYGSRECFVDCTQKGFWHGVCANKTTAKDPIHCCCYN	1	358	train
MFKGIIPHNTLL	0	1065	train
AETVESCLAKPHTEN	1	845	train
MFLTETECERIAKRTADIVLAELRRDIHRSPNGNLMIEVVEVNTLPVSLRGGVAHD	0	352	train
AEVAPAPAAAAPAKAPKKKAAAKPKKAGPS	1	591	train
MFPSNLHYVKWQ	0	1066	train
AFALIAGALYRIFHRR	1	830	train
MFQILLAIVSLAIWASIFIYYFRDPIYEWLDNRFGKDTPLADLEATDKQDDSHKQNKG	0	343	train
AFFTTVKNLVTNVAGTVIDKMKCKLTGEC	1	620	train
MFQKMPLKLPPLSEQRAIAAVLTTADEKLAALESDLSRLRQEKKALMQQLLTGKRRVTVD	0	331	train
AFGMALKLLKKVL	1	925	train
MFQMITHVQVGR	0	1067	train
AFIQLSKPCISDKECSIVKNYRARCRKGYCVRRRIR	1	526	train
MFQPTDLGDCEDIGSVAQNIFVDAYKDLALIAAGKSGGRLPFSASAQRMIISAQSCALQLRKAASEAVSTREMASCRGGG	0	174	train
AFKLLGRIIHHVGNFVYGFSHVF	1	678	train
MFRAFLNDPEX	0	1249	train
AFLGWIGAIVSTALPQWR	1	786	train
MFRVPPPPPLTT	0	1068	train
AFLYRLTRQIRPWWRWLYKW	1	722	train
MFSVNTNTKRVR	0	1069	train
AFPPPNVPGPRFPPPNFPGPRFPPPNFPGPRFPPPNFPGPRFPPPNFPGPPFPPPIFPGPWFPPPPPFRPPPFGPPRFP	1	185	train
MFTFLFKLRKCT	0	1070	train
AFPPPNVPGPRFPPPNVPGPRFPPPNFPGPRFPPPNFPGPRFPPPNFPGPPFPPPIFPGPWFPPPPPFRPPPFGPPRFP	1	185	train
MGAAEGATWSL	0	1250	train
AFPVTSIFHTF	1	1251	train
MGALASKNGMKEKYFLMLCENIIGLGRISNPVRVPYKIRWAR	0	465	train
AFRHSVKEELNYIRRRLERFPNRL	1	671	train
MGARPAIPAKRRDGPVACPKWAYRCRHLVENLWARLKEWRAVATRYEKTATSFLAVIHIAAAADWIKL	0	273	train
AFTCHCRRSCYSTEYSYGTCTVMGINHRFCCL	1	569	test
MGARPAIPAKRRDGPVACPKWAYRCRHLVENLWARLKEWRAVATRYEKTATSFLAVIHIAAAADWIKP	0	273	train
AFVLDADNLIPKKITFGEGSQYGYVKVEGDALSDTLEKIDYETKLVSAPSSSTIIKTTSKYHTKGDVEIKEEHVKAGKEKAAHLFKLIEGYLKDHPSEYN	1	2	train
MGARPAIPAKRRDGPVACPKWAYRCRHLVENLWARLKEWRAVATRYEKTATSFLAVIHIVAAADWIKP	0	273	train
AGAGTGATAIGMVTQYHQVL	1	723	train
MGCLHFIPVLQC	0	1071	train
AGALMFAWLLLGLQGIFN	1	787	train
MGDRLDGQRGRQVGFPGSRTADQHDIFSTLDEVPAMELADHGLVDLRIGKGEPGQVLVGGEPGGLCLVGDGAHFAFGQFRLQEL	0	146	test
AGANDLCQECEDIVHLLTKMTKEDAFQDTIRKFLEQECDILPLKLLVPRCRQVLDVYLPLVIDYFQGQIKPKAICSHVGLC	1	167	train
MGEADVTRHPGYLMRAQKTPLPVLTAEAFMV	0	577	train
AGCIKNGGRCNASAGPPYCCSSYCFQIAGQSYGVCKNR	1	511	test
MGFPPKNAAGQIAFGGLGKTGRTLLNEEVLT	0	578	train
AGDDQGLDKCVPNSKEK	1	810	test
MGFWVKDTKDTAC	0	926	train
AGDPLADPNSQIVRQIMSNAAWGPPLVPERFRGMAVGAAGGVTQTVLQGAAAHMPVNVPIPKVPMGPSWNGSKG	1	232	train
MGGQNGPRVEGGEGRVKEMTPFPVSEIRSRLADAVELAGGQSAWSRKTGVSRSVVSEVLSHKRDIPESIINALGYIVVPMCVPAKRGMNR	0	87	train
AGECVQGRCPSGMCCSQFGYCGRGPKYCGR	1	592	test
MGGTHHATHDNRLTNEDLAPSATRTWRWKDYLFYGCRIFIV	0	473	train
AGERIVDIIA	1	881	train
MGGTHPPLAGLV	0	1072	train
AGERIVDIIATDIQ	1	881	train
MGHGKGKKPKT	0	1252	test
AGETHTVMINHAGRGAPKLVVGGKKLS	1	650	train
MGHNYAKPLTSGQKMERLLTRIPPGWHIALERQIGEATWRALTHAPDKEGSWSAPHADPADALEEAWRNNRSVLV	0	220	train
AGFAAQAAASLAPVAAQQL	1	750	train
MGIMYFLSPPVW	0	1073	train
AGFAAQAAASLAPVAIQQL	1	750	train
MGKRRDDAHSRKPKKKRDKAFDLWLKRGLHQMFDNVVNEPVPEELLKLIQEDREKQD	0	349	train
AGFLKVVQLLAKYGSKAVQWAWANKGKILDWLNAGQAIDWVVSKIKQILGIK	1	379	train
MGKVTRKRYAAEFKSRVALEAIRGELTLAELVSKHGVHQTMIAQWKRQAIDADFSHLRQFRVIL	0	297	train
AGFVLKGYTKTSQ	1	927	train
MGLIQQQKTKQVS	0	928	test
AGGKRIVKRIKKFLRGAGGKRIVKRIKKFLRG	1	570	test
MGLRAVLMLAVAAALVLGALITADARYLPTRRSQDDRLDRLRELLKDLLESEDHSEYDRRLFYKREMQPPLSIEQLYRQN	0	175	test
AGGKRIVQRIKDFLRGAGGKRIVQRIKDFLRG	1	571	train
MGLSEDLIRIFSGQIWGWGRKLDYDVLNDIGTDQSDPSASA	0	474	train
AGHNKVGSLQYLALA	1	846	train
MGMFLCIALLGLDLMLYFLGMNVAAMSSAVIAFIVPVIVMCSYSLTHIEKDPNASSSHH	0	337	test
AGIGKIGDFIKKAIAKYKN	1	751	train
MGNKLLPAFYC	0	1253	train
AGLFRRLRDSIRRGQQKILEKARRIGERIKDIFR	1	543	test
MGNTEQPRIKWD	0	1074	train
AGRGARAAEAQRPSDKPRR	1	752	train
MGPRRRVTELAG	0	1075	train
AGRGKQGGKVRAKAKTRSSRAGLQFPVGRVHRLLRKGNY	1	504	train
MGQPIEERRCHLRVTKDVSPFTEAQIGCDDDTGALVEAAEQMEQQGAPRRTEGEITEFIKDHEIQAEQPVGNLPGPVGGLFLFERIDQVDR	0	76	train
AGRGKRRREKQRPSDKPRR	1	753	train
MGRFHSRGNRGS	0	1076	train
AGVKDGKLDF	1	1336	test
MGSASGGDNWVLGSIRDRGSIHSDVWRGSAAALAERDAVGVFPVSGWWKEKPGLQRWERSVRYALLVSIRAPGAEIDLYTAIANKLAVAVPAS	0	53	train
AGVSGHGQHGVHG	1	929	test
MGSAVLAGVRGQL	0	930	train
AGWGSIFKHIFKAGKFIHGAIQAHND	1	654	train
MGSHRGRLQTQG	0	1077	train
AGWLRKLGKKIERIGQHTRDASIQVLGIAQQAANVAATAR	1	482	train
MGSLSIWHWLIVLVVVLVVFGGGGKISSLMGDMAKGIKSFKKHMADDEPMDDGTARPGNGHIAPPPASSTVEQRTAAPADKSVQP	0	139	train
AGYLLGHINLHHLAHLHHIL	1	702	train
MGSNNSAPGARDRVVPVLMTSLVTALGLAPLAVDMNAPGREIEGPMAAVILGGLMTSMILNLFVLPILAVKFGSFSENETGVPETLFK	0	114	test
AGYLLGHINLHHLAHLHHILC	1	702	train
MGSRAQLAVRKL	0	1078	train
AGYLLGKINLKKLAKLLLIL	1	724	train
MGVSGMNAQQDGLLEQTEKHKRQKERVRTMLGFMMVLATIMFGLTLVHP	0	403	train
AGYLLGKLLOOLAAAALOOLL	1	703	train
MGWRELCSGSPQ	0	1079	train
AGYLLGKTNLKALAALAKKIL	1	704	test
MGYGHHAACKRRYGNGLRGNALKLGLCICLRRREGAKSFQMWQTDYTNTHMAEGPEESLFRFALACDGKTC	0	248	train
AGYLLGXINLKALAALAKKIL	1	704	test
MGYGYSCGCGSFHRLGYGCGYEDRRYGCGYRGYADGCCCPSCYRGYRFTSFY	0	380	train
AGYLLGXLLOOLAAAALOOLL	1	703	train
MHAVVGSHRVRR	0	1080	test
AHDGNPLEECFREDDEEFFLEIAKNGLTATSNPKRVVIV	1	505	test
MHCMSEAEDRQ	0	1254	train
AICKKPSKFFKGACGRDADCEKACDQENWPGGVCVPFLRCECQRSC	1	420	train
MHDSAHPLFAQT	0	1081	train
AIGCNTVASKMAPCLPYVTGKGPLGGCCGGVKGLIDAARTTPDRQAVCNCLKTLAKSYSGINLGNAAGLPGKCGVSIPYQISPNTDCSKVH	1	77	train
MHFRKFWRYGKRKKEVSKPLELPCEIEAIRQKALRGYHLEQVLWGKILLGPVRA	0	365	test
AIGFDGLNDPDIVAR	1	847	train
MHFTVSITAFFVK	0	931	test
AIGHCLGATL	1	1337	train
MHGYQQRQQAKV	0	1082	train
AIGNILKTLGNLAQKILGK	1	447	test
MHHALPAELFGLP	0	932	train
AIGNILKTLGNLAQKILGKQPKMLKLWKWNWKSSDVEYHLAKC	1	447	test
MHLAAVYTAGIVKNHPFIDGNKRTGFVLGVLFLELNGYRFTAAQEDAANAVLALAAGQMDELGYAAFLTANVASERV	0	208	train
AIGSILGALAKGLPTLISWIKNR	1	679	train
MHLFPLPSWLK	0	1255	test
AIGSILGALAKGLPTLKSWIKNR	1	679	train
MHLISDSAFRTDF	0	933	train
AIGSILGALAKGLPTLRSWIKNR	1	679	train
MHMFWCYPVTPSKVSGKSDYFLILLNSCPTRMDRREGLDFLKPIFEKTFMKRSFRNGVGTGMKKTSFR	0	274	train
AIGSILGRLAKGLPTLISWIKNR	1	679	train
MHNFKTFCSRHS	0	1083	test
AIGSILGRLAKGLPTLKSWIKNR	1	679	train
MHQHYXSHVMES	0	1084	train
AIGWGDPITHWSHGQNRW	1	788	test
MHRHLLQTHKKK	0	1085	train
AIHDILKYGKPS	1	1086	test
MHRMPKPENDTPTTDQATQRASTSQTGANLGSGAGITAFLGFIGFIASPRASLRSLLEDAKDHYRRKK	0	275	train
AIHRALICKRMEGHCEAECLTFEAKIGGCRAELAPFCCKNRKKH	1	436	train
MHRPACREKLILE	0	934	train
AIHRALICKRMEGHCEAECLTFEVKIGGCRAELAPFCCKNRKKH	1	436	train
MHSEHRSCFPVCL	0	935	train
AIHRALICKRMEGHCEAECLTFEVKIGGCRAELTPYCCKKRKKD	1	437	test
MHSLSFILAAAAIGFGLAIADGVNYEPATLAPPPTATKTLPISIPSFLSR	0	393	test
AIHRALISKRMEGHCEAECLTFEVKIGGCRAELAPFCCKNRKKH	1	436	train
MHSSLSSWTDPH	0	1087	train
AIHRALISKRMEGHCEAECLTFEVKTGGCRAELAPFCCKNRKKH	1	436	train
MHSSVMVVVLMMLVMATVFTQAQDLKYPERQVVTELAAQIMRVAQGPWSTSLDLPTKRNSGLINSLLGIPKVMNDAGRR	0	186	test
AIIKKIIKKIIKKI	1	868	train
MHTVGGGGSFS	0	1256	train
AIIRILQQLLFIHFRIGRRRRRRRR	1	666	train
MHTVGTGADHG	0	1257	train
AIKIRKLFKKLLR	1	936	train
MHVCVCGCVRE	0	1258	train
AIKKFGPLAKIVAKV	1	848	train
MHVLVRDNNVDQALKALKKKMQREGIFREMKLRRHFEKPSERKAREAAEAVRRARKMERKRLEREGF	0	280	train
AIKLVQSPNGNFAASFVLDGTKWIFKSKYYDSSKGYWVGIYEVWDRK	1	412	train
MIAPSLGKTGYM	0	1088	train
AIKWEYVLLLFLL	1	937	train
MIASFKSFASRL	0	1089	train
AILTTLANWARKFL	1	882	test
MICNNFTTNCPE	0	1090	test
AIMDTIKDTAKTVAVGLLNKLKCKITGC	1	636	train
MIDVCARVGRLLDRLADQYAQQDIIAVTHGGVVRAALAHALRIHAETALHFSVQNLALTILERLDVGWRVVTVNELPGV	0	187	train
AIMSSLMKKLAAHIAK	1	831	train
MIEHNQNNTDTQVPEMPCPGLYKHYKGGLYTVICTGRHSETEEWLVTYRSEARGDYWVRPLAMWQESVNGVPRFTLLKAANAAETGA	0	125	train
AIPCGESCVWIPCISTVIGCSCSNKVCYR	1	621	train
MIEYHGTGHDLSGDADDRMAVKRLALQKAGIPLLEIPEKMARPQIMVAISEAAGAALKVKTG	0	309	train
AIPCGQVNSALASCVSYAKGSGASPPGACCSGVRRLAGLARSTADKQAACRCIKSAAGGLNPGKAASIPSKCGVSIPYSISASVDCSKIH	1	88	test
MIGVGNGVRVYLACGVTDMRKGISGLAALAQDRLRQDPTSGALFAFRGRRGDRIKLLTWDGQGFCLYYKVLDADFSHLRQFRVIL	0	140	train
AIPIAYVGMAVAPQVFRWLVRAYGAAAVTAAGVTLRRVINRSRSNDNHSCYGNRGWCRSSCRSYEREYRGGNLGVCGSYKCCVT	1	147	train
MIIIIILLFSKGQ	0	938	train
AISCGAVTGDLSPCLTYLTGGPGPSPQCCGGVKKLLAAANTTPDRQAACNCMKSAASSITKLNTNNAAALPGKCGVNIPYKISTSTNCNTVK	1	54	test
MIIISYYNKPK	0	1259	train
AISCGAVTSDLSPCLTYLTGGPGPSPQCCGGVKKLLAAANTTPDRQAACNCLKSAAGSITKLNTNNAAALPGKCGVDIPYKISTSTNCNTVKF	1	54	test
MIIYIKIVPRDAL	0	939	test
AISCGAVTSDLSPCLTYLTGGPGPSPQCCGGVKKLLAAANTTPDRQAACNCLKSAAGSITKLNTNNAAALPGKCGVNIPYKISTSTNCNTVK	1	54	test
MILFQAEILYFLF	0	940	test
AISCGAVTSDLSPCLTYLTGGPGPSPQCCGGVKKLLAAANTTPDRQAACNCLKSAAGSITKLNTNNAAALPGKCGVNIPYKISTSTNCNTVKF	1	54	test
MILNDPYLISYN	0	1091	train
AISCGAVTSDLSPCLTYLTGGPGPSPQCCGGVKKLLAAANTTPDRQAACNCLKSAAGSITKLNTNNAAALPGKCGVNIPYKISTTTNCNTVK	1	54	test
MILSRILTQVD	0	1260	train
AISCGAVTSDLSPCLTYLTGGPGPSPQCCGGVKKLLAAANTTPDRQAACNCLKSAAGSITKLNTNNAAALPGKCGVNIPYKISTTTNCNTVKF	1	54	test
MILTLVLSFLCGI	0	941	train
AISCGQVASAIAPCISYARGQGSAPSAGCCSGVRSLNNAARTTADRRAACNCLKNAAAGVSGLNAGNAASIPSKCGVSIPYTISTSTDCSRVN	1	55	train
MIMRRKRMDRKRRRSRSNDITALEFFPEYNRKLIGCGSGIWEKVMSYLSRCPYPAPSADKQRATEQILLDG	0	249	train
AISCGQVASAIAPCISYARGQGSGPSAGCCSGVKSLNNAARTTADRRAACNCLKNAAAGVSGLNAGNAASIPSKCGVSIPYTISTSTDCSRVN	1	55	train
MINAPSPTPEEDWTEEDPIDAEIDARVAQVHQAAGLPPERPARFGPMVTIVLPMIIAGILLIIGIWMFAYPMFFS	0	221	train
AISCGQVNSALASCVSYAKGSGASPPGACCSGVRRLAGLARSTADKQAACRCIKSAAGGLNPGKAASIPSKCGVSIPYSISASVDCSKIH	1	88	test
MIPFLRRLEHHLGGRLRALADNERYPAQEVSAEKASQINAGSPHEDRHSFS	0	389	test
AISCGQVNSALGPCISYARGSGANTSAACCSGVKRLAGSVRTSDDKKAACLCIKRAAGGLNPGKAADIPTKCRVTIPYKISSNVNCNNLH	1	89	train
MIPKPSHRFLSVLLVPLVSGCTFRGAPSFPIVGAYFPAWMMCGLTGIAVALILRVIFLLTGIDALLSFRLFTYVALGVLSALALWVFVFGPG	0	65	test
AISCGQVSSAIGPCLSYARGQGSAPSAGCC	1	593	train
MIQVPGLIPTNW	0	1092	train
AISCGQVSSALSPCISYARGNGAKPPAACCSGVKRLAGAAQSTADKQAACKCIKSAAGGLNAGKAAGIPSMCGVSVPYAISASVDCSKIR	1	90	train
MIRFLVRVRVFG	0	1093	test
AISCGQVSSALSPCISYARGNGAKPPVACCSGVKRLAGAAQSTADKQAACRCLKSLATSIKGINMGKVSGVPGKCGVSVPFPISMSTDCNKVH	1	56	train
MIRKVVQLYSF	0	1261	train
AISCGQVSSALSPCISYARGSGSSPPAACCSGVRSLAGAARSTADKQAACKCIKSAAGGLNAGKAAGIPSKCGVSIPYAISSSVDCSKIR	1	91	train
MISCRSSPRQTC	0	1094	train
AISCGQVSSALTPCVAYAKGSGTSPSGACCSGVRKLAGLARSTADKQATCRCLKSVAGGLNPNKAAGIPSKCGVSVPYTISASVDCSKIH	1	92	train
MISENSILRFARGTRLQHDRVRDVWFIQAPERAFHADPIAVEVLQLIDGTRNVGGILDLLCQKFAAPRDIIAQDVLTLLRDLATKQVLQAI	0	78	train
AISCGTVSGALVPCLTYLKGGPGPSPQCCGGVKRLNGAARTTIDRRAACNCLKSSAGSISGLKPGNVATLPGKCGVRLPYTISTSTNCNTIRF	1	57	train
MISRRLLAALSTVALLGAAAPSFAQEAAPPAPPAASGPEAGAQAPEGAGPAAEEAGRTEESKGAAAHKGKHKGKHKGGKHHGKKKSAAPASDSSSESAQ	0	16	train
AISYGNGVYCNKEKCWVNKAENKQAITGIVIGGWASSLAGMGH	1	448	train
MITCPIFGDDVLEERVISLFRRLGHDGRGVTLTSLQTYTGVLGTRLRALLASLVQRGKLAPAGCDPLASDFAFRLPLSAKNARSTSIAA	0	104	train
AITCGQVNSAVGPCLTYARGGAGPSAACCSGVRSLKAAASSTADRRTACNCLKNAARGIKGLNAGNAASIPSKCGVSVPYTISASIDCSRVS	1	66	train
MITGRQVRAARALLNWTQERLAEKALVALTALKRLESERGLGVHEGTIDQVRRALEAAGILFIESGQGRGVMFLNETSDIRTRQGRGRGRVESS	0	49	train
AITCGQVSSAIAPCLSYARGTGSGPSASCCSGVRNLKSAASTAADRRAACNCLKNAARGVSGLNAGNAASIPSKCGVSIPYTISTSTDCSRVN	1	58	train
MITKEKFINFKNSFIIKKYNFYVEEEIHFL	0	594	train
AITCGQVSSALGPCAAYAKGSGTSPSAGCCSGVKRLAGLARSTADKQATCRCLKSVAGAYNAGRAAGIPSRCGVSVPYTISASVDCSKIH	1	93	test
MITLHRQTAWYR	0	1095	train
AITCGQVSSALSPCIPYARGNGANPSAACCSGVRRIAGAVQSTADKKTACNCIKRAAGGLNAGKAADIPSKCSVSIPYAINPSVDCSTIR	1	94	train
MITTHAKRMCDGF	0	942	train
AITCGQVTHNVAPCFNYVKSGGAVPAACCKGVSNLNSMAKTTADRQQTCNCLKSAAGSIKGLNANLAAGLPGKCGVNVPYKISTSTNCNNVK	1	67	train
MITTTTTIIGL	0	1262	test
AKAVKPKTAKPKTAKPKTAKA	1	705	train
MIWQFPKPSEN	0	1263	train
AKAWGIPPHVIPQIVPVRIRPLCGNV	1	655	train
MIYQSLNVKKL	0	1264	train
AKCIKNGKGCREDQGPPFCCSGFCYRQVGWARGYCKNR	1	512	train
MKAVVKKWGNSASIRIPASVLAAAGLTLDQPVDVREESGRIVIEPLTVVEYDLADLLAGITPENIHPEVDFGAPVGRELL	0	176	train
AKCLRWQWAMRKVGG	1	849	train
MKDRLMSTKNKTVQIDSTKYEMLGVINDGDSKVRLKDSAGKVEEMTSDSFITLLNEGKAKYLD	0	305	train
AKCLRWQWAMRKYGG	1	849	train
MKDSDRLNQKR	0	1265	train
AKCLRWQWEMRKVGG	1	849	train
MKEAVVDRAIKLAGGPTELARRLNIKAPSIHSWRKIPPKRVLTVAEITGIPPWELRPDLYPDPKTLTGAPLADPQIQIEGELA	0	155	train
AKCLRWQWEMRKYGG	1	850	train
MKEVGAEEKPVPVKSSSPRLSVMAEKFIYADTVAGEFFDLLASLPATHGKGKTVLPLRMVIAQAKEQELETVSGKTVKNHFSRMSSL	0	126	train
AKCLRWQWRMRKVGG	1	849	train
MKEYCLEFDDRALREWDALDGSVRKKFEKKLEKLIWNPHSPGNELHRDLSGFYKIKLLKDGYRLVYQVIDERIVIYVIAVGRRADNEIYELASKRTE	0	30	test
AKCLRWQWRMRKYGG	1	850	train
MKFLYGIVFIALFLTVMFATQTDGCGPCFTTDANMARKCRECCGGIGKCFGPQCLCNRI	0	338	test
AKCRRWQWRMKKLGA	1	851	train
MKFSHFFAAIFLVIAMFATGSRVTARDIKDYVGQQPLLFGRRGLNPNMNSLFFGKRGVIDSGVSLRELKNACAMLMTYGA	0	177	train
AKDLEVVCSTYVLVEA	1	832	test
MKGAVEVMTHYMAKELGPRRIAVNTVAPGAIQTDFSGGMVRDNPEIAHHIAEVTALGRPGLPDDIGPMIASLLSEDNRWVNAQRIEVSGGQAI	0	59	train
AKDLEVVTSTYVLVEA	1	832	test
MKHDALGELGLSEATAARPIQAAFASATAFSSGALLPVLAAVLTPVAWVSWGVSLTSVVVSPFWASSARLSAARRLCGQHCV	0	164	train
AKIPIKAIKTVGKAVGKGLRAINIASTANDVFNFLKPKKRKH	1	466	test
MKIDARNLSRVLADPGAWRILLLHGEDTGLIKERAQNAVIKIAGSADDPFRVAVLDRETHDKLMEEATALSLMGAVVWCVCVMLPMPCSNR	0	79	train
AKITFTNNHPRTIWP	1	852	train
MKILVPVKRVVDYNIKPRVKADGSGVDTTGVKMSMNPFDEIAVEEAVRLREKGAASEVVVVSVGVQKAQDTLRTAMAMARTALFWFCQKKAPNRWP	0	38	train
AKIXQSLXFIXKSDXLLHNV	1	725	test
MKIRNSLKSAKVRDKDCRVVRRRGRVYVINKKNPRMKARQG	0	475	train
AKKAAKKAKKAAKKAKKAAKK	1	706	train
MKITILSRREIKVSTMAGSICGPGTVCGGYN	0	579	train
AKKAAKKAKKAAKKAKKWAKK	1	706	train
MKKETKFGTVECGGTYAPDLLNACDAAPDIPHGTPFLWNAIVRSAIIWAQLNPHATIRQRVLLLQDVADKLGVDAACIG	0	188	train
AKKAAKKAKKAAKKIEKAAKK	1	706	train
MKKIYIYISTCC	0	1096	train
AKKAKKKAKKAAKKIKKKAKK	1	707	train
MKKQKQRYIHNI	0	1097	train
AKKAWKKAKKAAKKAKKWAKK	1	706	train
MKKTLYMCVAVLGLGFVQSASAATWDGGVSRHVEVKNPDQPDTTKGGVWDGGTDRKVKVEDPDTSDTTKGGVWDGGISEHVPVKYPSMPQ	0	95	train
AKKFGKAFVGEIM	1	943	train
MKKYIIITLSRLY	0	944	train
AKKLLKLLKKLLKLAG	1	833	test
MKLHRIPGGSV	0	1266	test
AKKPFVQRVKNAASKAYNKLKGLAMQSQYGCPIISNMCEDHCRRKKMEGQCDLLDCVCS	1	339	train
MKLKSATVLAGLLLALTACHEQPASDSTPLLHDKAHQKAPPPIIEDEDENPHGGPALDENDGYRPDTSKASGPYLGTGAGGSP	0	156	train
AKKPVAKKAAGGVKKPK	1	789	train
MKLQLPLIWRLMT	0	945	train
AKKPVAKKAAGGVKKPKK	1	789	train
MKLTPREKDKLLIAMAAMVARRRLERGVRLNYPEAVALITDHVVEGARDGQSVSELMASGGRVLSRDQVMAGVPEMIHDVQVEATFPDGTKLVTVHAPIR	0	3	train
AKKRRQRRRAKKRRQRRR	1	790	train
MKMCGLLRQYPVN	0	946	test
AKKVFKRLEKLFSKIFNFK	1	754	train
MKMQRADWRVLEKASKREISIIGAFGDGKSVDIKFDGFDRRSIIERNIARGFIMPCEYFNKYKITKAGSDELDRHYRAIQELKKSREEKRKKKGAA	0	39	test
AKKVFKRLEKLFSKIQNDK	1	755	train
MKNHFSRSAFF	0	1267	train
AKKVFKRLEKLFSKIQNWK	1	755	train
MKNKTFYNRGF	0	1268	train
AKKVFKRLEKLFSKIWNDK	1	755	train
MKPALSSSRWS	0	1269	train
AKKVFKRLEKLFSKIWNWK	1	756	train
MKPGIHPDYHEITVVMTDGTEFKTNSCYGKPGDTLRLDVDTKSHPAWTGVQRMLDTGGQVAKFNKRFAGIGTRKKG	0	212	train
AKKVFKRLEKLFSKIYNYK	1	757	train
MKPSFKKRQSSDF	0	947	test
AKKVFKRLEKSFSKIQNDK	1	755	train
MKQFSSLRRTHKVALMLLAGFGLAACAHDPHRHYYHPGSNHGRAAPGWYRPPLTPQQGTNPYKHSTTNYGGGTMRYDQ	0	199	train
AKKVSKRLEKLFSKIQNDK	1	755	train
MKQFVKIVHTVGM	0	948	train
AKLKVVAATYVLKK	1	883	train
MKQPGFFDVEERLSRLSGLGDQLEAFSRTVNFEAL	0	535	train
AKRGGFWRKVGRKLGKGIRKIGKTIKSQLGKFRPRLQYRYQF	1	467	train
MKQQCPDCKTLL	0	1098	test
AKRHHGYKRKFH	1	421	train
MKRAVLLLACTLGLSACGMFSSSEPKHLTTAAQWEKYGYHDHLKTGDDD	0	404	train
AKRIVQRIKDFLR	1	421	train
MKRPTVCRGVQG	0	1099	test
AKRLKKLAKKIWKWK	1	853	train
MKRQLLLTCTSRW	0	949	train
AKRLKKLAKKIWKWL	1	853	train
MKRTYQPSRLVRKRRHGFRARMATVGGRKIIGNRRSKGRKRLSA	0	438	test
AKRLKKLAKKIWNWK	1	853	train
MKRVIKHPYHPCE	0	950	train
AKRLKKLFKKIWNWK	1	854	train
MKSDRFSDAQIMGVIRQAEGGVPVPDLCREHGISNATFYRWRAKYGGMDASMISQMKALEEENRRLKRMYADLSMQTDILKEALGKK	0	127	train
AKTIRLESEVTAIKNALKKTNEAVSTLGNGVRVLATAVRELKDFVSKN	1	408	train
MKSDRFTDAQIMGVIRQAEGGVPVPDLCREHGISNATFYRWRAKYGGMDASMISQMKALEEENRRLKRMYADLSMQTDILKEALGKK	0	127	train
AKVLKISRRAFRK	1	951	train
MKSEFSTQQTL	0	1270	train
AKVNGQSGRMEFFWTILK	1	791	train
MKSGRFTDAQIMGVIRQAEGGVPVPDLCREHGISNATFYRWRAKYGGMDASMISQMKALEEENRRLKRMYADLSMQTDILKEALGKK	0	127	train
AKVTMTCSAS	1	1338	train
MKSGYMRSHVTLVTDVTGKNYYSPHVRARARVEGNGNNLSHLSHLSQTDELEAIAQLVDRLLPDRRDPEAFHAAKSEAVGRLRGLIRRIRLGNEGKRGG	0	17	train
AKYTGKCTKSKNECKYKNDAGKDTFIKCPKFDNKKCTKDNNKCTVDTYNNAVDCD	1	359	train
MKSIQSLRVGSVF	0	952	train
ALAALITPKKIKPPL	1	855	train
MKSNDTVQFTAK	0	1100	train
ALAGTIIAGASLTFQVLDKVLEELGKVSRK	1	595	train
MKSSIYNGSAPVMPHAAERPANVRQLSESQFRSLGLREVAYTRPALMEDDEIGCAIYAADGSLLAVVEDLETAWGAIVQNDMIPASLQ	0	115	train
ALALALALALALALALKIKKIKKIKKIKKLAKLAKKIK	1	513	train
MKSSTYFSFGQF	0	1101	train
ALARQPLTGSPPNERAFFCSSLRR	1	672	train
MKSSWLLFVATAMLVLVNQTVQATRISPEEEAAIEEMYDFDGSEAPFYIDRRGFLTSSRLGRRKKGFLTAGRLGR	0	222	train
ALFDIIKKIAESF	1	953	train
MKTKARVYQQG	0	1271	train
ALFGILKKAFGKILTIFAGLPGVV	1	673	train
MKTLLLTLLVVTIVCLDLAHTRICYSHKLLQAKTTKTCEENSCYKRSLPKIPLIIIGRGCGCPLTLPFLRIKCCTSDKCN	0	178	test
ALFSILRGLKKLGKMGQAFVNCEIYKKC	1	637	train
MKTLLSKSVYVL	0	1102	train
ALFSILRGLKKLGNMGQAFVNCKIYKKC	1	637	train
MKTLNDSEIAMVAGGTLGDALGTTLTDTLAGLDVGLATILGGVNSTVNALVPAVTSGVTTIGDGLLTGLDATTNGVTSLLGDVLKV	0	135	test
ALGDFFRKSKEKIGKEFKRIVQRIKDFLRNLAKRHHGYKRKFHLEY	1	421	train
MKTNYTFLVIE	0	1272	test
ALGGLLADVVKSKEQPA	1	811	train
MKTSSTTGPERQI	0	954	train
ALHKTMLKKLGTMAL	1	856	train
MKVAIIFLLSALALLSLAGNPPAEVNGKTPNCPKQIMGCPRIYDPVCGTNGITYPSECSLCFENRKFGTSIHIQRRGTC	0	189	test
ALIQⓍQEDVEKⓍRKR	1	-1	unknown
MKVASIFLLTALVLMSLSGNSGANILGREAKCTNEVNGCPRIYNPVCGTDGVTYSNECLLCMENKERQTPVLIQKSGPC	0	190	train
ALKAALLAILKIVRVIKK	1	792	train
MKVCKRDDRQHL	0	1103	test
ALKAVPAVMGMIKKE	1	857	train
MKVRVTVMLKDGVLDPQGKAISHALQTLGFDGVQDVRVGKVIELDLPGAKAEEAQKKADAMARDLLANLVIEDYSVEVVE	0	179	train
ALLEMFPEITV	1	1273	test
MKVVVNDTAHEVSAKTLAALIDELGYSGARIATALNGRFVPKATRNETPLEEGAQIEIVAPMQGG	0	292	test
ALLHHGLNCAKGVLA	1	858	train
MKYIAWVGMWV	0	1274	train
ALLKLAPRLLAGIF	1	884	train
MLAEVNIFGVFIAPIVVYALAALPITMFVRFVLWWSGLLGWFWHIALFEVSLYVSILCLLILYV	0	298	train
ALLKRIKTLL	1	1339	train
MLATIETQETETEAQVGGIAADRLRSIIERVDAEISQKGCTSG	0	449	test
ALNCYWPLNDYGFYTTTGIGYQPYRVVVLSFEL	1	560	train
MLCKSCVSRSG	0	1275	train
ALPCAKKSCDSWCRRLDYPGGECVTKWKCSCNWMQIDK	1	514	test
MLCLYWQGRVWLFIRLIRILYNGISVFLCCLHNLTHWHVWDGLPISLTDYIQMYMPFAARGPDGMKDIKQGADLNV	0	213	train
ALPISTVRⓍVALⓍRRL	1	-1	unknown
MLDPKTGLPPRFLRTPDAARFLGISIRTLEKHRTYGTGPTYRKIGGRIVYALPDLQGWVENGIRRSTTDETPCRVFPARPLTLAEKATL	0	105	train
ALPKKLKYLNLFNDGFNYMGVV	1	689	test
MLESQIIEVNGTFLGTVILEADRSTRRFYAAHESVKSLHNSRFTQTDNPILSVTCVFRRGNQGRGGMRT	0	261	train
ALPQWRIYSYAGDNIVTA	1	793	train
MLFAITCTDRPGALELRKATRAQHLAFLEAHKDGILFAGPQLDANGNPCGSLVLLEAPDRATAEGFAAADPYAKVNLFESVIIRPLRTVFRDGQMAE	0	31	train
ALQELLGEYIQWLKDGGPSSGRPPPS	1	656	train
MLFCYFCVYTVRT	0	955	train
ALQELLGQWLKDGGPSSGRPPPS	1	656	train
MLFLPGQVSEQF	0	1104	test
ALQFIQNTASGALYYNTKTHKYQYQQTSGA	1	596	train
MLFTSHGQLCTH	0	1105	train
ALRSAVRTVARVGRAVLPHVAI	1	690	train
MLGGGIQNLLLYSVCLLFMDAVHVGVKILRLTITAIQKSFIGLPMKCRPS	0	394	train
ALSCGTVNSNLAACIGYLTQNAPLARGCCTGVTNLNNMAXTTP	1	450	train
MLGLETGSKTCR	0	1106	train
ALSFLFLFLFVAQEIVVTEANTCEHLADTYRGVCFTDASCDDHCKNKAHLISGTCHNFKC	1	332	train
MLGLRLKHLQAVGEGDLVHDKDGAPVDADFSHLRQFRVIL	0	483	train
ALSILKGLEKLAKMGIALTNCKATKKC	1	651	train
MLGVDSRNESRLVAGSDEQAESHAIPYDELVLLQRRAEEARLSDGMV	0	413	train
ALSILRGLEKLAKMGIALTNCKATKKC	1	651	train
MLHLNRNGIIH	0	1276	train
ALSKALSKALSKALSKALSKALSK	1	674	train
MLHNVAYNCVT	0	1277	train
ALWDTLLKKVLKAAAKAALDAVLVGANA	1	638	test
MLIIVASWTLVR	0	1107	test
ALWFTMLKKLGTMALHAGKAALGAAANTISQGTQ	1	544	train
MLIKNTAAETDAGSSTYVQITEQEQEPAAEHLLAP	0	536	train
ALWKDILKNAGKAALNEINQIVQ	1	675	train
MLIPTSWFYSAGS	0	956	test
ALWKDILKNAGKAALNEINQLVNQ	1	675	train
MLIQPANPVPHPKLGHVETIMVDKRKIACDGGLGALGHPRVWLKIGGHQTVCPYCSRLFVLQPDAEALAEH	0	250	train
ALWKDILKNLLKAALNEINQIVQ	1	680	train
MLKISNKRTQVLS	0	957	train
ALWKDILKNVGKAAGKAVLNTVTDMVNQ	1	639	train
MLKLALFFLVISLIAGLFGFGGISTAAAGMAKILFFIAIILFVVFLVVALLAGRAITK	0	344	train
ALWKDLLKNVGIAAGKAVLNKVTDMVNQ	1	640	train
MLKPEPGASPVW	0	1108	train
ALWKDMLSGIGKLAGQAALGAVKTLV	1	657	train
MLKTIETTAIVQI	0	958	test
ALWKDVLKKIGTVALHAGKAAFGAAADTISQGGS	1	545	train
MLKTLLSPDAKLQRENTQLRAENARFLEAVTRRNAENIRLREENRQLRLQNNALRLGRRRDGAGRFA	0	281	train
ALWKDVLKKIGTVALHAGKAALGAVADTISQ	1	545	train
MLLCFGYYLGAI	0	1109	train
ALWKEVLKNAGKAALNEINNLV	1	691	train
MLLDRGRGGTS	0	1278	train
ALWKKILKNAGKAALNKINQIVQ	1	681	train
MLLHLKNYKLK	0	1279	train
ALWKNMLKGIGKLAGKAALGAVK	1	597	train
MLLIAGFSHVTLC	0	959	train
ALWKNMLKGIGKLAGKAALGAVKKLVGAES	1	597	train
MLLIVKYTAAA	0	1280	train
ALWKNMLKGIGKLAGQAALGAVKTLVGA	1	597	train
MLLLEIVTACSVTLAICFGVFFLFWQKRKLAELEADLTHLRTQGIDISKDTLLNGQSPAQKQG	0	306	train
ALWKNMLKGIGKLAGQAALGAVKTLVGAE	1	597	train
MLLLTALVFVGVVGGILLLVYLNKICDWLVTSDVLSPSLIMLCTYLACMFLFHRHD	0	353	train
ALWKNMLKGIGKLAGQAALGAVKTLVGAES	1	597	train
MLLRAERRVCRGC	0	960	train
ALWKNMLSGIGKLAGQAALGAVKTLV	1	657	train
MLLRSAPPVEMPKMPRGQMVRVKLGCMAGLGLLYGAFVWHLAHEKIAPRPNPAARVAIRFIKVPMVLPPAPPPVEPVLVQPAPVSFPPPKLVLRHAGQRR	0	4	test
ALWKSLLKGAGQLVGGVVQHFMGSQGQPES	1	598	train
MLLYVLLYCIIN	0	1110	train
ALWKTIIKGAGKMIGSLAKNLLGSQAQPES	1	599	train
MLMLWPPGNSV	0	1281	train
ALWKTLLKGAGKVFGHVAKQFLGSQGQPES	1	600	test
MLMVSLHTKSLD	0	1111	train
ALWKTLLKKVGKVAGKAVLNAVTNMANQNEQ	1	580	train
MLNFLSLLSEPW	0	1112	train
ALWKTLLKKVLKA	1	638	test
MLNGYFHWRVNK	0	1113	train
ALWKTLLKKVLKAAAK	1	638	test
MLNHLAQFKKN	0	1282	train
ALWKTLLKKVLKAAAKAALKAVLVGANA	1	638	test
MLNRLIKRFIY	0	1283	test
ALWKTLLKKVLKAAAKAALNAVLVGANA	1	638	test
MLNVTGSNKIMR	0	1114	train
ALWKTLLKNVGKAAGKAALNAVTDMVNQ	1	641	train
MLPVAAHAITQ	0	1284	train
ALWKTMLKKLGT	1	561	train
MLPVQIRHLITL	0	1115	train
ALWKTMLKKLGTM	1	561	train
MLPWRCWHGVAGTRLHRQEVFGAGMGAIRGASYPQPLADAEILRWCQMRRLNEAETDFTFQLVKSMDQAFLQIRNQQITEDLQHTFRKK	0	106	train
ALWKTMLKKLGTMA	1	561	train
MLPWRCWHGVAGTRLHRQEVFGAGMGAIRGASYPQPLADAEILRWCQMRRLNEAETDFTFQLVKSMDQFFLQIRNQQIKQDLEYTFRKK	0	106	train
ALWKTMLKKLGTMALHAGK	1	544	train
MLQLVYSVLCSV	0	1116	test
ALWKTMLKKLGTMALHAGKAAFGAAADTISQ	1	561	train
MLRDRDLLLAQLHELRSEHRDLDTVISRMAHETTFIDQLYLQRLKKRKLLLKDQITKVESLLIPDDIA	0	276	train
ALWKTMLKKLGTMALHAGKAALGAAADTI	1	561	train
MLRKPNTTLNMTHQNTNISTGHKTRDSLSDLQFLQEWVASPAYSTASVLRAGQIRRTNPDLVRQVAAKTHKTP	0	238	train
ALWKTMLKKLGTMALHAGKAALGAAADTISQGTQ	1	544	train
MLSCHFRIGFHL	0	1117	train
ALWKTMLKKLGTVALHAGKAALGAAADTISQ	1	561	train
MLSLYRRVLFGGVKGTVSLLRDLTAAEIAVLAPLAIVTLWMGVHPGSFTRLFDPVIMQAIHGSAANVASAAGHSVLHVAAR	0	168	train
ALWKTMLKKLGTVALHAGKAALGAAADTISQGA	1	561	train
MLSVFGLDTMMFGAGGNPDFLDSVKIHEGNSEPNQKVEPDRMVAERDTEAVFILGSIGISDIIFK	0	293	train
ALWLVDPLTV	1	1340	test
MLTACAGLGLLAACSSGDRSDNGLTAPRNHLLAEDRGASGGDAELKGGVNAYLWRATLDTLSFLPVSTADAEGGIILTDWYTHLLPMMNALR	0	68	train
ALWMTLLKKVLKAAAKAALNAV	1	638	test
MLTGEHVRHGQDNPTDAERYTCRDFEQPCAYGATGRRLQAGLAKGQSLQSGQQDIGCGREPQPELVGPDGVGRGPV	0	165	train
ALWMTLLKKVLKAAAKAALNAVLV	1	638	test
MLTGEHVRHGQDNPTDAERYTCRDFEQSCAYGATGRRLQAGLAKGQSLQSGQQDIGCGREPQPELVGPDGVGRGPV	0	165	train
ALWMTLLKKVLKAAAKAALNAVLVGA	1	638	test
MLTKNYSYNLGVT	0	961	train
ALWMTLLKKVLKAAAKAALNAVLVGANA	1	638	test
MLTPIFSSVFIPV	0	962	train
ALWMTLLKKVLKAAAKALNAVLVGANA	1	638	test
MLTRTTLFLSNRSQAVRLPKAVAFDVNLKDVVIIPDGARRIIAPANAAWDDFFAAPGTPLPERDQPRMQERESF	0	233	train
ALWTTMLKKLGKMALHAGKAALGAAADTI	1	622	train
MLTSRIHRRKPMGKPMSKATARANAAKSSIRAHVEHVFAHQKNRFNLFIRTIGLARAEAKLTLCNLAYNFNRLIFHERLETAG	0	157	train
ALXKTMLKKLGTMAL	1	856	train
MLTSSTVYLPHW	0	1118	train
ALYKKFKKKLLKSLKRLG	1	794	train
MLTYISLIRQAT	0	1119	train
AMWKDVLKKIGTVALHAGKAALGAVADTISQ	1	545	train
MLVFVVSFQSAAD	0	963	train
ANCVNYFEITFPEVCEANWCAAECLKAYKNGKGTCWQKFCQCVYDC	1	422	train
MLVGYMRVSSADERQSVDLQRDALIAAGVDARHIHSDKASGARDDRPGLKTCLAWLKEGDTLVVWKLDAEISQKGCTSG	0	191	test
ANDPQCLYGNVAAKF	1	859	test
MLVHNTLPGAR	0	1285	train
ANFEIVNNCPYTVWAAASPGGGRRLDRGQT	1	601	test
MLVIHNEFLLLF	0	1120	train
ANFLPKIFCKITRKC	1	860	train
MLVLGLGNGAVFQLVPTRFPTRVGILTGLVGMSGGVGGFYLASSLGAARQMTGSYGPGFLCFAVIALAALACVSFCRRRWMAKSNGIPTGANAPGAL	0	32	train
ANIIXPLLXPIC	1	1121	train
MLWFQINVKSVT	0	1122	train
ANIKLSVQMKLFKRHLKWKIIVKLNDGRELSLDA	1	546	test
MLYSVEDIPEIC	0	1123	train
ANKCIIDCMKVKTTCGDECKGAGFKTGGCALPPDIMKCCHNC	1	468	test
MMAPRLIATFKEMITHRENRALLALALQAAASVGRATKEQLQAAEGN	0	414	train
ANKRCHLNQMFTGKCGNDGNKACLGDFKNKRFRYDLCQCTDATQISPSLPPQRVCNCSRPC	1	320	train
MMCLHLELLTAS	0	1124	train
ANLDAIIKIQAWARMWAARRQYL	1	682	train
MMGDLERIIFFIPVVYMGLYLIAYRCGRRWFP	0	572	train
ANLKALLAVAKKIL	1	841	test
MMGVLFFFQVYLY	0	964	train
ANQFNSAIGKIQDSLSSTASALGKLQDVVNQNAQALNTLVKQ	1	469	test
MMILSGSFKPTFS	0	965	train
ANTAFVSSAHNTQKIPAGAPFNRNLRAMLADLRQNAAFAG	1	484	test
MMMVGSRDDEWE	0	1125	test
ANTI-HEVVPLEVYTRHEIK	1	-1	unknown
MMSLLSSQCVPV	0	1126	train
ANTI-MEVVQQTRMDKLTQGRQTYD	1	-1	unknown
MMSVVGMTAVGFLVCLAVAKAVDVIAASWFTGSVRRPKHAKRASYR	0	423	train
ANVGFVIQLQARLRGFLVRQKFA	1	683	train
MMTEQLANQLISG	0	966	train
APAAWLRSAA	1	1341	train
MNAAEASAILGVVGAVAGLAEKYGPEVYETVKQAIEQSKSKTGPSVADIQAIFAKCKADNAAIQEA	0	285	test
APAGLVAKFGRPIVKKYYKQIMQFIGEGSAINKIIPWIARMWRT	1	439	train
MNAAEISAILGVVTTVAGLAEKYGPEVYETVKQAIEQSKSKTGPNVADIEAIFAKCKADNAAIQSA	0	285	test
APGNKAECEREKGYCGFLKCSFPFVVSGKCSRFFFCCKNIW	1	476	test
MNAAEISAILGVVTTVAGLAEKYGPEVYETVKQAIEQSKSKTGPTVADIEAIFAKCKADNAAIQSA	0	285	test
APIIRRIPYYPEVESDLRIVDCKRSEGFCQEYCNYLETQVGYCSKKKDACCLH	1	375	test
MNARFAALASIGFSRFMGNAQASGHHRRVGAGRGEWAQGQGE	0	470	train
APKAMRLLRRLLRRLLR	1	812	train
MNATEISAILGVVGTVAGLAEKYGPEVYETVKEALEQSKSKTGPSVADIQAIFAKCQADNAAIQSA	0	286	train
APKGVQGPNG	1	1342	test
MNAVSHQAPVISSHSTDSRPSVPVWPWPVALGLLTIFGLLSALLGQHGIWLGLSWAALSIPLIITVVCLIRAWKRPSFKGGLS	0	158	train
APKVVILXKALEYLXA	1	834	train
MNETVLDARGLNCPLPVLKANRVLRTMQPGERLRILATDRASITDFQVFCRETGHALIAFTDENSVFCFTVKCRASAPANKPN	0	159	train
APKVVILⓍKALEYLⓍA	1	-1	unknown
MNFIFLWARGTSF	0	967	train
APKVVXLSKALEXLQA	1	835	train
MNGDASVEETLELRASGLRAVKERIIPLFT	0	602	train
APKVVⓍLSKALEⓍLQA	1	-1	unknown
MNGKFLYAAGVMLLLSGCSGNRSNSYDNVYYPDVSPQDEAACELQVAQILGPPRETLTGTLDQIGPRKALMQKCYFSKGYKPWMKN	0	136	train
APPPGLSAGV	1	1343	train
MNHITDKKSQC	0	1286	train
APPPGYAMESDSFS	1	885	train
MNHKMARPKSTP	0	1127	train
APQMKTRDVLERTHKCFLVGGECKSECSSWEYEYVFCYTGPCCVMREYKRVEKFSNTPKYTT	1	310	train
MNISEVFSNSKLD	0	968	test
APQMKTREVAERTHKCSLVRGTCKSECNSWEYKYNYCHTEPCCVVREYKRMEKLLSTPKYTT	1	311	train
MNKQSIFFFYFWF	0	969	train
APREEQQRSL	1	1344	test
MNLARAIMIRKERKRQRREGASRREKLSVSPLLWDTLAADRQLQRTWKAEGVPFWKRLLRAFLIQG	0	287	test
APRKNVRWCAISLPEWSKCYQWQRRMRKLGAPSITCIRRTS	1	477	train
MNMRLSCLIGIAVCFAVTFWAPHYHLAAKVIGITLLGFAILTTFLEGEPPRKVQKKPA	0	345	train
APRWKFGKRLEKLGRNVFRAAKKALPVIAGYKAL	1	547	train
MNMYTKRQNTFVV	0	970	train
APVPFSCTRGCLTHLV	1	836	train
MNNHDLIERIVATTDISKKDAKTALDTVFAAIIEAAAEGDDTAIPGFGKFVVRQTSERKGRNPHTGAELVIPASRKLAFTPAKAVKDALTGK	0	69	train
APYRPPDISL	1	1345	test
MNNLTAEAYLKPRLEAFVKEAEQAGYSRDVVIALLMSLLDTDNFSDSSPAKQGGAA	0	354	train
AQCGAQGGGATCPGGLCCSQWGWCGSTPKYCGAGCQSNCK	1	485	train
MNNNNIPPHTPINMAPMNAGDQAFYLRQKRLLDFLNERKIVLKCVMCGTVGGFQLIGYKHETTVIPTSTLGQYYPTYAAACGHCGFIHEFFAPIVDFS	0	22	train
AQCGAQGGGATCPGGLCCSQWGWCGSTPKYCGAGCQSNCR	1	485	train
MNPLMIIQNTLL	0	1128	train
AQIVKLGGDDGSLAFVPSKISVAAGEAIEFVNNAGFPHNIVFDEDAVPAGVDADAISYDDYLNSKGETVVRKLSTPGVYGVYCEPHAGAGMKMTITVQ	1	23	test
MNPSPELCAFR	0	1287	test
AQKCGEQGRGAKCPNCLCCGRYGFCGSTPDYCGVGCQSQCRGC	1	451	test
MNSEKGFMSFAFS	0	971	train
AQNAISTTFPYT	1	1129	train
MNSHVCCVSKVL	0	1130	test
AQQLLFIHFRIGRRRRRRRR	1	666	train
MNSLLIITACFALVGTVWAKEGYLVKKSDGCKYDCFWLGKNEHCDTECKAKNQGGSYGYCYAFACWCEGLPESTPTYPLPNKSCGKK	0	128	train
AQRCGDQARGAKCPNCLCCGKYGFCGSGDAYCGAGSCQSQCRGC	1	430	train
MNSLLVLLVRLHI	0	972	train
AQRCGDQARGAKCPNCLCCGKYGFCGSGDAYCGAGSCQSQCRGCR	1	430	train
MNSPGRVLDRQPR	0	973	test
ARCCLVMPVPPFACVKFCS	1	758	test
MNSQDLIERIVAATDIQKKDAKTALETVFAAITEAAVKGDDTTIAGFGKFVVRQTAERKGRNPQTGAELVIPASRKLAYTPAKAVKDALRVE	0	70	train
ARCENFADSYRQPPISSSQT	1	726	train
MNSSSQEYFILAA	0	974	train
ARDAYIAKPHNCVYECFDAFSSYCNGVCTKNGAKSGYCQILGTYGNGCWCIALPDNVPIRIPGKCH	1	288	train
MNSVSLRATAAG	0	1131	train
ARDAYIANDRNCVYTCALNPYCDSECKKNGADSGYCQWFGRFGNACWCKNLPDKVPIRIPGECR	1	299	train
MNTHIPFYITGS	0	1132	train
AREASKSLIGTASCTCRRAWICRWGERHSGKCIDQKGSTYRLCCRR	1	424	train
MNTRRDISLDEIQ	0	975	train
ARILMRIRQMMT	1	1133	test
MNTSVHTAMPVAAAGQSIPVRAILPWAVFGLIVSALLIYFVGAEQGATSLISGHAVHEFVHDGRHLLGFPCH	0	239	train
ARIQESTNDILKPITCNTNADCAKFCKGPIHNCVYHTCQCVPGNPHCC	1	409	train
MNTTKMTGHNSNDPAVGGIAADRLRSIVERYTRLEEEKKALASDQKDILTEAASAGFDKKVLRQLIRIVLTKDKAALETEETLLDIYRRAIGA	0	60	train
ARLAKKALRRLAKKD	1	861	train
MNTTQVILFAVVLVLTVTVGQADEDSAETSLLRKLEEAEASMFGQYLEESKNSPEQRCAGENVPCDKDRPGDCCSRYECLKPTGYGWWYASYYCYKKKSG	0	5	train
ARLDVASEFRKKWNKWALSR	1	727	test
MNTVFCCLLVCDK	0	976	train
ARLKKCFNKVTGYCRKKCKVGERYEIGCLSGKLCCAN	1	223	test
MNTVNGGQGIFWC	0	977	train
ARLKKCFNKVTGYCRKKCKVGERYEIGCLSGKLCCANDEEEKKHVSFKKPHQHSGEKLSVLQDYIILPTITIFTV	1	223	test
MNVSTIFQAFLFILTVLLVNTTVEQEYEELYPYVDVPSDFIKRSDWFSEGRTFKGLRGLRGKRMPYMNLKGLRGKRTV	0	200	test
ARLKKCFNNITGYCRKKCKVGERYEIGCLSGKLCCVNDEEEKKHVSFKKPHQHSGEKLSVQQDYIILPTITIFAV	1	223	test
MNYDALPPGLLPIFLRLPAASAFFGVSESTFLRMVAESHAPRPVKFGKLALWFRPALVAAAAKMSGVEISAGSVQTEMQEAPSEWDAVLKR	0	80	train
ARLKKCFNNVTGYCRKKCKVGEIHEIGCLSGKLCCVNDEENKKHVPFKKPHQQPVEKLSVQQDYVILPTITIFTV	1	224	test
MNYQGEMLCLIG	0	1134	test
ARLKKCFNNVTGYCRKKCKVGERYEIGCLSGKLCCINYEEEKEHVSFKKPHQHSGEKLSVQQDYIILPTVTIFTV	1	223	test
MPAPQPGLAYTALKTLATVAITVVLIALLRGGLALLPKFDSATGGQVGTHLLQLLAGDGQARTQNAVSIGLMLGCFILAVLLVQVLEKWWRRRAR	0	43	test
ARPAKAAATQKKVERKAPDA	1	728	train
MPCHRAWIDTIFSNFLGKDWDYTYFVPVIWEFFSLS	0	527	train
ARRAKRRARRAARRARRKARR	1	708	train
MPEDPLLPPLAHAPGLEDLHAGLHDVLRLIEIEHALLRGRLESLKADSEGARLLEGVMVLGAVLQQRMAGLLQICREIGRL	0	169	train
ARRAKRRARRAKRRARRKKRR	1	708	train
MPEGFRPAVPVSDFCEYPQSWPPASLPLLEASGFPILGRQTGKSRRPVKFSFYCYILSA	0	340	test
ARRARRRARRAARRARRGARR	1	708	train
MPEHAVFTLLIG	0	1135	train
ARRARRRARRAARRARRWARR	1	708	train
MPEHNPTPHDVARGLADLVPLRFQLREDDAFRLFSRSGALACIAARRDEARIEGLQGLAAPLSIAGADYMMHYMRGRDGRTVGHL	0	141	test
ARRAWRRARRAARRARRAARR	1	708	train
MPEIEIYTQRGCPFCVRAVALLESKKVPFKEINAPRGTQEREDAIRRSGGSTTVPQVFVGDRCLGGCDDLMSLERQGKLDAALGLGEN	0	116	train
ARRRRSSSRPIRRRRPRRRTTRRRRGARRRR	1	581	train
MPEMTFRVRWPDGNETDCYSPSLVIRDHFTPGQDYPVREFLEKADTALTQASERVRARYGFPCSRALGQLHVIQQSSAPFLNRPDAQVRVLSFRY	0	44	train
ARRWRIVVIRVRRH	1	886	train
MPERSNIRVPNQDARLQDLITQFLRQADYMDRVSIDFRAELFMPAAKAFENIATCMRAQANELQKHLKHTILAEDHTP	0	201	test
ARSYGNGVYCNNKKCWVNRGEATQSIIGGMISGWASGLAGM	1	478	train
MPFGRRQSVYKM	0	1136	train
ARTKQTARKSTGGKAPRKQLAT	1	692	test
MPFQMYNINLGLE	0	978	train
ASAIYSVETINDGNFHIVELLA	1	693	train
MPHLNSFPCLYT	0	1137	train
ASCDKCQLKG	1	862	train
MPILAARFDPTATDVRMDADLLHVVMADGRELSVPLEWFPRLRDASPEQRAHWRFIGRGKGIHWPDVDEDISVASLLRLS	0	180	train
ASCDKCQLKGEAMHG	1	862	train
MPILAARFDPTATDVRMDTDLLHVVMADGRELSVPLEWFPRLRDASPEQRSHWRFIGRGKGIHWPDVDEDISVASLLRLS	0	180	train
ASCYLLDGYAAGRDDCRAHCIAPRNRRLYCASYQVCVCRY	1	486	train
MPKGNYKEIFLF	0	1138	train
ASEAEMRLFY	1	1346	train
MPKMKTKSSVKKRFKITATGKVLSGPCGKRHGLIKRTQKMKRSARGTQTMTPQDGRTVKQWAPYGL	0	289	train
ASEASRLAHY	1	1347	train
MPLFSTHTLRHLRLTHLARAGWRLHDIATYAGHRNVQSTTLYIHLSGEDLLRKIANSVEQMDMKLGHRVFGG	0	240	train
ASEFGNHYLY	1	1348	test
MPLGWKAGFSST	0	1139	train
ASEITSKGASLY	1	1140	test
MPLGWKSGFSST	0	1139	train
ASEQQALHTVQY	1	1141	train
MPLPRVSIYYCTQCNWLLRAAWMAQELLSTFGNQLGEVALCPDTGGRFEIRVDHEVIWERKRDGGFPNPKELKQRVRNIIDPAKDLGHIDR	0	81	train
ASFPWSCPSLSGVCRKVCLPTELFFGPLGCGKGFLCGVSHFL	1	471	test
MPLRKGVATAKGVTVQGQGSMHPLHMAEIAR	0	582	train
ASGCKADACKSYCKSLGSGGGYCDQGTWCVCN	1	573	train
MPNEAILRKRCV	0	1142	train
ASGGTVGXYGAWMRSXSLVSXSTITTFS	1	642	train
MPQGIVIIEIFIAQCQAHDPLTDKVFNPVFHKAGMPLIAKTGSKAAAETQNVISLLHQNDAPIRTHATPVKTGHNTPSTGGWKFIRACATLCLHRVFL	0	24	train
ASGRDIAMAIGTLSGQFVAGGIGAAAGGVAGGAIYDYASTHKPNPAMSPSGLGGTIKQKPEGIPSEAWNYAAGRLCNWSPNNLSDVCL	1	117	train
MPRGDKSAYTDKQKRQAEHIEKNYEQHGVDEKEAERRAWATVNKETGGGKKSGSGRGHAITHEPSRKGGKAGGEASAQRTAEERSASARKAAETRKKNAK	0	6	test
ASGWVCTLTIECGTLVCAC	1	759	train
MPRKSSPQSVESKLSNHSVMTSPVETENIVIAPNGSPHKTTHYPRTSGDNMSKHQRYYARNRELVCARQREARRRKKVLRVSQEMRDI	0	118	test
ASGWVCTLTIECGTVICAC	1	709	train
MPRLMLHLHSLLVQEQRRLVLWAPVGLALGAVLYFGLLRTEPSLLEGVVLPCGMAVLASIAAWHMRYSLWGRLLWGGCITVGLGFAAA	0	119	test
ASIIKTTIKVSKAVCKTLTCICTGSCSNCK	1	603	train
MPRLTIAGLPFSHWWPVGFYVVLLESQYCDAEDDEESKEGADEER	0	431	train
ASIVKTTIKASKKLCRGFTLTCGCHFTGKK	1	604	train
MPRRARRRTIRRGFLTLEAISGHFVEFSHPTGARSGILTILCFWRRVLNAVRVSRPEKAVLVEAMWSVHCLFLQMACRSLRNRA	0	148	train
ASKCGRHGDSCVSSSDCCPGTWCHTYANRCQVRITEEELMKQREKILGRKGKDY	1	366	train
MPRREVWRSFF	0	1288	train
ASNFDCCLGYTDRILHPKFIVGFTRQLANEGCDINAIIFHTKKKLSVCANPKQTWVKYIVRLLSKKV	1	253	train
MPRRVLTGRVTSDKMDKTITVLVDRRVMHPLYKKFIRRSKKYAAHDEENICKVGDSVRIVECPPISRRKTWTVISRNGEVVGAEAGASA	0	107	train
ASNFDCCLGYTDRILHPKFIVGFTRQLANEGCDINAIIFHTKKKLSVCANPKQTWVKYIVRLLSKKVKNM	1	253	train
MPRYIVNTTMEDGTDSVTLTDFAHEAAFFAMQVKKPHEVRRIEDAQTGQEWTGSGIGQFIDMHLSPSSS	0	262	test
ASNYWILEYLWKVPFDFW	1	795	train
MPRYQTTLTRNQAGRYQGTVTDQRTGNQIDFPDCCKERKAGRWIVSGKSTTPCLPEWFLEMRSMGDGLFEITATEDRNFSSGFLNANRTK	0	96	test
ASPYDRRRRY	1	1349	test
MPSASVMYMGKM	0	1143	train
ASSGWVCTLTIECGTVICACR	1	709	train
MPTAALGNCCP	0	1289	train
ASSSGPMRWW	1	1350	test
MPTGTVKWFNATKGYGFIAPDDGGKDVFVHITAVQAAGLRGLNDGQKVSFDLVEERGKQAATNLKVD	0	282	train
ASSSYPLIHWRPWAR	1	863	train
MPTSFWRSPELRDHISRLDRSGFAVEFLRRNPTYRRDYARLQRRLGRRGVDSAAECAAFAQCWGLCFCPCTR	0	241	train
ASVVKTTIKASKKLCKGATLTCGCNITGKK	1	605	train
MPTTRRGNLTEGLYIGLDYEKVCFAQKKFP	0	606	train
ASWSACSVSCGGGARQRTR	1	760	train
MPTVLRIGGYRFFFYSMEGNEPPHIHVEAGENVAKYWLEPVALAMNDGFRSHELTKLRMLVIEHKNTFREAWDAHFGS	0	202	train
ASWWAGIKQEF	1	1225	train
MPTVLRVGGYRFFFYSMEGNEPSHIHVESGENVAKYWLEPVSLAMNDGFRSHELTKLRMLVIEHKNTFREAWDAHFGS	0	202	train
ATAGWTFGAGAALQIPFAMQMAY	1	684	train
MPVIHRAANILLV	0	979	train
ATAWDFGPHGLLPIRPIRIRPLCGKDKS	1	643	train
MPVLYYLYQLHT	0	1144	test
ATCDALSFSSKWLTVNHSACAIHCLTKGYKGGRCVNTICNCRN	1	452	train
MPVPEVTPRPREVKLFRNNRSQAVRIPVEFEMPGDRVLIRRDGDKLVLEPVKTPSTLKELLMAWREEPQLPPEDDFPDIQDVAARPEDIL	0	97	train
ATCDILSFQSQWVTPNHAGCALHCVIKGYKGGQCKITVCHCRR	1	453	train
MPYGCKLKCQIT	0	1145	train
ATCDLASFSSQWVTPNDSLCAAHCIARRYRGGYCNGKRVCVCR	1	454	train
MQANSGIQERVP	0	1146	train
ATCDLASFSSQWVTPNDSLCAAHCLVKGYRGGYCKNKICHCRDKF	1	432	test
MQATIIMQLAAK	0	1147	train
ATCDLASGFGVGSSLCAAHCIARRYRGGYCNSKAVCVCRN	1	487	test
MQAYIVTKIRSMSGLGGGGCSLSASQDTYSEADPSDILDAVQTRIGGRKQQWAG	0	367	train
ATCDLASGFGVGSSLCAAHCIARRYRGGYCNSQQVCVCRN	1	487	test
MQCVSVSLISV	0	1290	train
ATCDLASGFGVGSSLCAAHCLVKGYRGGYCKNKICHCRDKF	1	479	train
MQDSFLQCSVQC	0	1148	test
ATCDLASIFNVNHALCAAHCIARRYRGGYCNSKAVCVCRN	1	488	train
MQFDPRDISTYPIVRTICVIVGCGLVAYCFAFYLNLPPDTPEHVMRHVAALIVGTLILLGSIWI	0	300	train
ATCDLASIFNVNHTLCAAHCIARRYRGGYCNSKAVCVCR	1	488	train
MQFPPDSYPLQ	0	1291	train
ATCDLASIFNWNHALCAAHCIARRYRGGYCNSKAVCVCR	1	488	train
MQGDESITDRQFDAAKVAAPYMHPKLSGLATDALPRRSADAFTDEELAALAQENGVHPQA	0	333	test
ATCDLASIFNWNHTLCAAHCIARRYRGGYCNSKAVCVCR	1	488	train
MQGEVCCQPVA	0	1292	train
ATCDLASIWNVNHALCAAHCIARRYRGGYCNSKAVCVCR	1	488	train
MQHLLNPPDPVSKNGSCDFSDTGLPPGSVCLFAAFAPDGILPIFTRFYLKNILDCGFILHLVLSGETPPDEETIVFCKKKQYSRLATP	0	120	test
ATCDLASIWNVNHTLCAAHCIARRYRGGYCNSKAVCVCR	1	488	train
MQHQKTKGALII	0	1149	test
ATCDLASIWNWNHTLCAAHCIARRYRGGYCNSKAVCVCR	1	488	train
MQIQGIRSELRA	0	1150	train
ATCDLASKFNVNHTLCAAHCIARRYRGGYCNSKAVCVCR	1	488	train
MQKALKPIKGEL	0	1151	train
ATCDLASKFNWNHALCAAHCIARRYRGGYCNSKAVCVCR	1	488	train
MQKKETACSPS	0	1293	train
ATCDLASKFNWNHTLCAAHCIARRYRGGYCNSKAVCVCR	1	488	train
MQKKFADVFLEKVEQINAGRTIYASAGAFLCVCFMLGLANLICHFGLHIDLAYLVRDLIFIMAFYFFLPPLILWVGKGRLPGGDN	0	142	test
ATCDLASKWNVNHALCAAHCIARRYRGGYCNSKAVCVCR	1	488	train
MQKLEGSSLKKN	0	1152	train
ATCDLASKWNVNHTLCAAHCIARRYRGGYCNSKAVCVCR	1	488	train
MQLAIVDYSTLSRAEIERMIDSLISALDDRDAAFEDLEPEEDCGGAGEEEPYFHGQYTFAANNSVVYCGNEMGGML	0	214	train
ATCDLASKWNWNHTLCAAHCIARRYRGGYCNSKAVCVCR	1	506	train
MQMKNTLRLGFVAVGLALLGGCSSEVGRLPLVDTDITCLRKQMAGPMYLSFPLAANTCQRMTNHGFMFGEKNAKPIPLNLKDAPDLQKLADEYGYSYTR	0	18	train
ATCDLFSFESKWFTPNHAACAAHCILLGNRGGHCVGTVCHCRK	1	455	train
MQMSSSELHANVY	0	980	train
ATCDLFSFQSKWVTPNHAACAAHCLLRGNRGGQCKGTICHCRK	1	456	train
MQNKIIMFCFDI	0	1153	train
ATCDLFSFQSQWVTPNHAACAAHCLLRGNRGGECKGTICHCRK	1	456	train
MQNSNHWEAAV	0	1294	train
ATCDLFSFRSKWVTPNHAACAAHCLLRGNRGGRCKGTICHCRK	1	456	train
MQPFITTMLFSS	0	1154	train
ATCDLFSFRSKWVTPNHAGCAAHCIFLGNRGGRCVGTVCHCRK	1	457	test
MQRCWPTPLAHL	0	1155	train
ATCDLFSLQSKWVTPNHAACAAHCLLRGNRGGQCKGTICHCRK	1	456	train
MQRISYYVIDITRQAFSLLSVSKWFGVERMMAYAPRH	0	521	train
ATCDLLSAFGVGHAACAAHCIGHGYRGGYCNSKAVCTCRR	1	489	train
MQRRIHIRLSGEQFRMMPDLEFGMIVGGVGSACATIIFVVAWLLLVRWSDFWRNK	0	360	train
ATCDLLSASTPWGSLNHSACAAHCLTKRYKGGRCRNGICRCRR	1	458	train
MQRYGLSDGQWERIKDLLPGPKIMSVGRLRIRPSGDPVAD	0	490	test
ATCDLLSFEIKGFKLNDSACAAHCIQLGKRGGHCNNSKVCVCRR	1	440	test
MQTECSAGAYEFPASCGRRVVARFDGGRMSSDGGVILVKQADDILGLSRRFAACFRDKRHPGFVDTGLKTLSVSGSWAWHWAMKISMITMPCGMT	0	45	train
ATCDLLSFLNVKDAACAAHCLAKGYRGGYCDGRKVCNCRR	1	491	train
MQTECSAGAYEFPASCGRRVVARFDGGRMSSDGGVILVKQADDILGLSRRFAACFRDKRHPGFVEYRVEDLVRQRIMGLALGYEDLNAEISQKGCTSG	0	25	train
ATCDLLSFRSKWVTPNHAGCAAHCLLRGNRGGHCKGTICHCRK	1	456	train
MQTVSASMKTVC	0	1156	train
ATCDLLSFSSKWVTPNHAGCAAHCLLRGNRGGHCKGTICHCRK	1	456	train
MQTVSLNLEPLSL	0	981	train
ATCDLLSGFGVGDSACAAHCIARGNRGGYCNSKKVCVCPI	1	492	train
MQYPQEGCNLDQ	0	1157	test
ATCDLLSGFGVGDSACAAHCIARGNRGGYCNSKKVCVCRN	1	492	train
MQYPYLLIVTFP	0	1158	test
ATCDLLSGFGVGDSACAAHCIARGNRGGYCNSQKVCVCRN	1	492	train
MRACWVCVYILL	0	1159	train
ATCDLLSGFGVGDSACAAHCIARRNRGGYCNAKKVCVCRN	1	493	test
MRASAKYGNIM	0	1295	train
ATCDLLSGFGVGDSACAAHCIARRNRGGYCNAKTVCVC	1	492	train
MRATDRTPPRIVIGLCLVLAFFEIVAGLGG	0	607	test
ATCDLLSGFGVNDSACAAHCIARGNRGGYCNSKKVCVCRN	1	492	train
MRAYRGQMSDNQPIRRSLPEKQKQLRDLKETLGAMKAHTSPALKESIRKRIAQLEAELTAAPVLKAARKQQDGTRSARPAGGGAGRRSGGLQTRS	0	46	train
ATCDLLSGFGVNDSACAAHCILRGNRGGYCNGKKVCVCRN	1	494	train
MRDINDLVIRDILVGEGTGVRSSGYMLFFP	0	608	train
ATCDLLSGIGVQHSACALHCVFRGNRGGYCTGKGICVCRN	1	495	train
MRDKATAAIVFNLIWASHALIAIAHHALIDHLEHINR	0	522	train
ATCDLLSGLGVNDSACAAHCIARGNRGGYCNSKKVCVCRN	1	494	train
MRDLTMSLFKIW	0	1160	train
ATCDLLSGMGVNHSACAAHCVLRGNRGGYCNSKAVCVCR	1	507	test
MRDPALMWNEPYLETCCRAALHRLCLAGEVGRPTGMKDDPCLTRLAGKGLARQNGQGRFFITDEGTARHASEVLKQEELHTKKP	0	149	train
ATCDLLSGTGIKHSACAAHCLLRGNRGGYCNGRAICVCRN	1	496	train
MRDWAKARRERTHHLIELGGLVQKAGLVDLTDDDRATLLGAFLDIAGQLQEGNETTRTTLNHDGDARGFMPSTGTGNMTDCKTRSSETDRL	0	82	train
ATCDLLSGTGINHSACAAHCLLRGNRGGYCNGKAVCVCRN	1	496	train
MRDWAKARRERTHHLIELGGLVQKARLVDLTDDDRATLLGAFLDIAGQLQGSNVTTPVDLKTRWRRAGLHAFDAEKEHVERKEQP	0	143	train
ATCDLLSGTGINHSACAAHCLLRGNRGGYCNGKGVCVCRN	1	497	test
MREAVELSETATA	0	982	train
ATCDLLSGTGINHSACAAHCLLRGNRGGYCNRKGVCVCRN	1	497	test
MRENTRNTDSQ	0	1296	train
ATCDLLSGTGVGHSACAAHCLLRGNRGGYCNGKGVCVCRN	1	497	test
MRGGLVAPCHVLGTFWPHAGRKDAWREATYGKAENATPFSRKNVLNRMARVSGFPAVADMRHQGG	0	294	train
ATCDLLSGTGVKHSACAAHCLLRGNRGGYCNGRAICVCRN	1	496	train
MRGRLGHKSYYH	0	1161	test
ATCDLLSKWNWNHTACAGHCIAKGFKGGYCNDKAVCVCRN	1	498	train
MRGRSSWLIHRE	0	1162	train
ATCDLLSMWNVNHSACAAHCLLLGKSGGRCNDDAVCVCRK	1	499	train
MRGSHFNVCSAR	0	1163	train
ATCKAECPTWDSVCINKKPCVACCKKAKFSDGHCSKILRRCLCTKEC	1	415	train
MRGVVVVVVLVMVGMLSILTQAEGLKSQEREVVAELAAYILRVVHGPLNLYADLPSKRNSEILNTLLGSPTLMSEVGKR	0	192	train
ATCRKPSMYFSGACFSDTNCQKACNREDWPNGKCLVGFKCECQRPC	1	425	train
MRISFVKYLQF	0	1297	train
ATCYCRRGRCATRESLSGVCEISGRLYRLCCR	1	574	train
MRISRLPEAQATIACHTAGFTPQDMQNVRKAYLEATIC	0	515	train
ATCYCRTGRCATRESLSGVCEIRGRLYRLCCR	1	574	train
MRKGTRKSDSAL	0	1164	train
ATCYCRTGRCATRESLSGVCEISGRLYRLCCR	1	574	train
MRKGYIKNRKCF	0	1165	train
ATCYCRTGRCATRESLSGVCRISGRLYRLCCR	1	574	train
MRKHKVMLGDKLLYQASQLSHAQRFAKARQAEGVPCHVVPDETPKPPRKVRINSLTGKPYRKVTSEKAER	0	254	train
ATCYCRTGRCATRESRSGVCEISGRLYRLCCR	1	574	train
MRKPRDIDAELEELQKRARALKAKRIVQFGELVEATGADTLSIEALAGVLLAAVEQADSKPEAVARWTERGAAFFQAGGKKGSRKGTGNDQNGSAGA	0	33	train
ATDISRQNEY	1	1351	train
MRKYTYTSQNWFAKVTAAVVPGNILTFGLVGVVGILSHADSDPRTASAQFLTWLTVLLWCIVLPTCFLFSNGKRAWNYLSVSALCVWGLFFVLKVLQA	0	26	train
ATDLVVLDRY	1	1352	test
MRLEFLMLSMGQC	0	983	train
ATELEKALSNVIEVYHNYSGIKGNHHALYRDDFRKMVTTECPQFVQNKNTESLFKELDVNSDNAINFEEFLVLVIRVGVAAHKDSHKE	1	121	train
MRLGSSADLNRGH	0	984	train
ATFDIQNKXTYTVWAAAWAPSYPGGXKQLD	1	609	train
MRLLLALLFPWFQFFTIGRPFSGIICLILQITVIGWIPAAIWSVYALNQYETDKKLSRMGR	0	321	train
ATFNFINNCPFTVWAAAVPG	1	729	train
MRLMRADSGDAFQADKKEKVESRGLRPCGNIQLQLFQLLFKGTAGF	0	426	train
ATFTIRNNCPYTIWAAAVPGGGRRLNSGGTWTINVAPGTA	1	500	train
MRLSNCGGGSAV	0	1166	train
ATFTIRNNXPYTVWAAASPGGGRRLDMARIWGRTNXNFD	1	508	train
MRNFAGNISKNCF	0	985	test
ATFTVINKCQYTVWAAAVPAGGGQKLDAGQTWSIXXP	1	523	train
MRPPFIRPPSHVLHPLFEKIILLAPDRTCVLAVLGVWSRGLMGWIDDESFWL	0	381	train
ATHQEAIEKVTGALKINNLR	1	730	train
MRQQNDLKHLNY	0	1167	train
ATITFTNKCTRTVWPGG	1	813	train
MRRAGIFPGCQKG	0	986	train
ATITVVNRCSYTVWPGALPGGGVRLDPGQRWALNMPAGTAGAAV	1	441	train
MRRCDSGTYGCVSGVDLCQCESVGARLGVSEMWVGLTRIEQRDLLMR	0	416	train
ATKALTEVIPLTEEAEC	1	814	train
MRRIGYARVSTIGQTLDMQIQTLNSFECHKVFREKASGADVERVELRRLIKTFVMEIQW	0	341	train
ATKVKAKQRGKEKVSSGRPGQHN	1	685	train
MRRRFAENLRLERQHMKTDIPVFGVGERTRLRTRVNLSSRLHFGVVFKNVQDSGPECPQAWESAPVRWLFNIRRGTYADQNQSCMVDFRIITSQ	0	50	train
ATNIPFKVHFRCKAAFC	1	815	train
MRRVYKLQLLEA	0	1168	train
ATPATPTVAQFVIQGSTICLVC	1	694	test
MRRYSLRDDQWERIKDLLPGRRGFLTLEAISGHFVEFSHPTGARSGILTILCFWRRVLNAVRVSRPEKAVLVEAMWSVHCLFLQMACRSLRNRA	0	51	test
ATPFIECSGARGTCHYFAN	1	761	train
MRSATMLALLVAVIMSAAISEAQELKYPEREVVAELAAQILRVVHGPWSTVVPGPHKRNSELINSILGLPKVMNDAGRR	0	193	test
ATPTITTSSATCGGIIVAASAAQCPTLACSSRCGKRKK	1	516	train
MRSFFYLPLALMLALSACDGGNVESASHAHGPKPPRLHNLYYEPNGAYGSARAIWAPPSTIVRVPS	0	290	train
ATRSYGNGVYCNNSKCWNVGEAKENIAGIVISGKASGL	1	442	train
MRSNRPRYKKVKH	0	987	train
ATRSYGNGVYCNNSKCWVNWGEAKENIAGIVISGWASGLAGMGH	1	442	train
MRSSGGPWRGPL	0	1169	train
ATRVVYCNRRSGSVVGGDDTVYYEG	1	667	train
MRTCFVYLAAIDT	0	988	train
ATTGCSCPQCIIFDPICASSYKNGRRGFSSGCHMRCYNRCHGTDYFQISKGSKCI	1	361	train
MRTPFVKNQASSAVSKTEKKVADDKAVGEDSLPENKKSQNKMVKNKTLLEEKALSTALRTRKSLFRK	0	283	test
ATVQGGIXYRMP	1	1170	train
MRTQRRPNKSL	0	1298	train
ATWLPPRGGGKLLLKLLKKLLKLLKKK	1	652	train
MRTVNIHEAKTHLSRLIDAAMKGESFIIAKAGRPMVRVSPITAPEELQQRRLGFLAGKIRVPEDFDRMGQDDIVSLFDGPA	0	170	train
ATYDGKCYKKDNICKYKAQSGKTAICKCYVKVCPRDGAKCEFDSYKGKCYC	1	390	train
MRTVSSPSLSSCL	0	989	train
ATYRTGRATRESLSGVEISGRLYRLR	1	658	train
MRVCSLSNDFRG	0	1171	train
ATYYGNGLYCNKEKCWVDWNQAKGEIGKIIVNGWVNHGPWAPRR	1	443	train
MRVQCVHSNVT	0	1299	train
ATYYGNGLYCNKQKCWVDWNKASREIGKIIVNGNVQHGPWAPR	1	459	train
MRVRCRRPICSP	0	1172	train
ATYYGNGLYCNKQKCWVDWNKASREIGKIIVNGWVQHGPWAPR	1	459	train
MRVTFLYFSIM	0	1300	train
ATYYGNGLYCNKQKHYTWVDWNKASREIGKIIVNGWVQH	1	509	test
MRVWTPKGITKEKTVFVPDVTLHDLRHTWASWHYCLYRDILALKEDGEWATMGIVARYAKKTPDAYREEIRAWWRLSERHGSGTDIAAK	0	108	train
ATYYGNGLYCNSKKCWVEWGITGGCLAQYAIGGWLGGAVPGKC	1	460	test
MSAKKGVSGAVLAVAITGLLGGCHEQHEENANRAVRPLRMPNPAAVYCVKKGGTLSTESTDKGQISYCHLPDGSVMEEWELFRRDNPAPKK	0	83	train
ATYYGNGVYCNKQECWVDWNKASKEIGKIIVNGWVQHGPWAPR	1	459	train
MSALSDSSDTY	0	1301	train
ATYYGNGVYCNKQKCWVDWSRARSEIIDRGVKAYVNGFTKVLGGIGGR	1	410	train
MSATGCPAKHFP	0	1173	train
AVACELKWESEFWRWTEQ	1	796	train
MSAVTFRVDETLKAAAVKKLSAQGISLSDALRDTLAYIAETGRSPVKRRLVTDEDAELIEIVRERLKNPAQKHRMTFAELKNRHRE	0	137	train
AVASVPRARGKYWWG	1	864	test
MSAYSILRTAIEQKKAVAFTLHDKPQVASPHALGKGDGVEKVLMYRGVDAHEKRVPAQGQWDCIAVSELSDVKLLADEPFHQGHPDAAQRAGIREVDIEL	0	7	train
AVDFSSCARMDVPGLSKVAQGLCISSCKFQNCGTGHCEKRGGRPTCVCDRCGRGGGEWPSVPMPKGRSSRGRRHS	1	225	train
MSCHRSATPSVSSGISSSKETPSTCDTARSIRAGISAFLLIHRDMVGSLTPIWDAS	0	355	train
AVDLAKIANIANKVLSSLFGK	1	710	train
MSDDNTKDYALEEGIGRVQDGAEGLFSQLPSYDEMNPGKRCAATEAVKDVVIDRPFLILPVVGIFSFIVGGLLRRRR	0	209	test
AVDLAKIANKVLSSLF	1	837	train
MSDKKTFKVVQIASGNGRKPGQQATLIGLGLNKIGRERVLEDTPSVRGMVRKVAHLVKVED	0	322	train
AVGSLKSIGYEAELDHCHTNGGYCVRAICPPSARRPGSCFPEKNPCCKYMK	1	391	train
MSDNIKSLSFEDALSELEKIVRGLEGGQLKLEDAITAYERGAALRQHCEAKLSEAEARVQAIVQRSDGTLNMKPMD	0	215	train
AVKDTYSCFIMRGKCRHECHDFEKPIGFCTKLNANCYM	1	517	train
MSDTAKIFMTGRSQAVRLPAAYRFDTSEVTIRRDPRTGDVILSPRPEGWSETLSAIRKAKGADLFPEGRSQDQQDRDPFSECLP	0	150	train
AVKPKTAKPKTAKPKTA	1	705	train
MSDTLPDRLSVNPESPFYNEDLLARGIGVRFKGVEKTNVEEYCISEGWVRVAVGKTVDRRGNPLTMKLSGPVEVWVKD	0	203	train
AVKRVGRRLKKLARKIARLGVAF	1	686	train
MSDTMEVNPAARRPAVGARRPFYRRRKSCPFSGPNAPKIDYKDVRLLSRFLSERGKIVPSRITAVSAKKQRELAQAIKRARFLALLPYVVS	0	84	train
AVKTITLNLVSPSANRYATFLTEIRDNVRXRSLDYSHSGIDVIGAPSSRDSXLNINFQSP	1	334	test
MSDTPPLDSRLLSVLVCPVTKGPLTYNAETNELISKKAGLAFPIRDGIPIMLPDEARRLES	0	323	test
AVLDFIKAAGKGLVTNIMEKVG	1	695	train
MSDYKGDRTTGFASPAADAVEGPIDLAEVLDLRRPSRYPVRLRGATFKTRGMALLRKCSEWIHGMNPDW	0	263	train
AVLDILKDVGKGLLSHFMEKV	1	711	train
MSEAERQNSVVSPASAASAYDTISFKECCQMAGAMFFVFACLALGLHAIYYAGY	0	368	train
AVNIPFKVHFRCKAAFC	1	815	train
MSEEITVVALLKAKPGAEEKVAQAMVACIKPSRAESTNSQYVPNRDLDDPQTFVFVERWASRKALQDHMETPHFKTLAAELNTLLEAPIQLHILQPLPGA	0	8	train
AVNIPFKVHFRCKSIFC	1	816	train
MSEGEFMLTGEHVRHGQDNPTDAERYTCRDFEQPCAYGATGRRLQAGLAKGQSLQSGQQDIGCGREPQPELVGPDGVGRGPV	0	165	train
AVNIPFKVHLRCKAAFC	1	817	test
MSEGEFMLTGEHVRHGQDNPTDAERYTCRDFEQSCAYGATGRRLQAGLAKGQSLQSGQQDIGCGREPQPELVGPDGVGRGPV	0	165	train
AVNIPFKVKFRCKAAFC	1	818	train
MSEGEFMLTGEHVRHGQDNPTDAERYTCRDFEQSSRISHT	0	501	test
AVPAVRKTNETLD	1	990	train
MSEGEFVLTGEHVRHEQDNPTDAERYTCRDFEQSCAYGATGRRLQAGLAKGQSLQSGQQDIGCGREPQPELVGPDGVGRGPV	0	165	train
AVPDVAFNAYG	1	1302	test
MSEIADKVKKIVVEHLGVEESKVTPDASFIDDLGADSLDTVELVMAFEEAFNVEIPEDAAEKITTVKDAIDYIEKQKAA	0	194	train
AVPLIYNRPGIYAPKRPKGK	1	731	train
MSEISRVRLIDQ	0	1174	train
AVPLIYNRPGIYVTKRPKGK	1	732	train
MSEKTENHTHHLPSATDISREMEQVKREYDIALKDRPEHAKALGERLRKLEAQLQEGARGKA	0	312	train
AVRIGPCDQVCPRIVPERHECCRAHGRSGYAYCSGGGMYCN	1	480	train
MSELNEWKMMDTAPMDGTAIQARIPGHGEDNIIAWLDHYVDENGEFCGAWTFIEDQEPPDCWTDGVCWTSNEDGKPSVQPTHWKEIS	0	129	train
AVSCGDVTSSIAPCLSYVMGRESSPSSSCCSGVRTLNGKASSSADRRTACSCLKNMASSFRNLNMGNAASIPSKCGVSVAFPISTSVDCSKIN	1	61	test
MSEPVRESMEFDVVIVGGGPAGLAAAIRLRQLSPDLSVCLIEKGSEIGAHIVSGPLLNPAHWQSLFLIGKNVVHR	0	226	train
AVSKVLHLEGEVNKISALLSTNKAVVSLSNGANTI-VSVLTSKVLDLDNYIDKQLLPIVNK	1	-1	unknown
MSERDPLSRHELDCLADLLFDRLAQRLRQSGFRLNEENIIIERMDINALPVSMRGAGYG	0	342	train
AVTCNTVVSSLAPCVPFFAGSAAQPTAACCNGVRSLNSAARTTPDRRTACNCIKSSASSIGLNYNKAAKLPSRCTVNVTVPISPSVNCAT	1	98	train
MSERDPLSRHELDCLADLLFDRLAQRLRQSGFRLNEENIIIERMDINTLPVSMRGAGYG	0	342	train
AVVNGVNYVGETTAA	1	865	test
MSERPSPFPYLY	0	1175	train
AVWKDFLKNIGKAAGKAVLNSVTDMVNE	1	644	test
MSESYMPKYATAC	0	991	train
AVYLHRIDLGPPISLERLDVGTNLQNAIAKLEDAK	1	537	train
MSETDPAARAFEDLCAEMTVLRRSVEALPQAWRDNRPPDYTEDLARVVKAMNAVGMHMKAIDADFSHLRQFRVIL	0	227	train
AWCARVCYRGICYRRCR	1	819	train
MSETVESVSALIIQKLLANPKVPRDIDGNCKIMEDLAFDSLAVMNFVMEVEDSLDVSIPLDKLADIRTINDLAACIVALKNKG	0	160	train
AWCFRVCARGICYRRCR	1	820	train
MSEYIRLRVNTN	0	1176	test
AWCFRVCYRGACYRRCR	1	821	test
MSFSPGKFLHDVRAEAERVTWPTRRATLVTTGAVLAMAGMASIFFFFVDQLIGLGVRQLFGLGG	0	301	train
AWCFRVCYRGICYRRCR	1	820	train
MSGKKHFSPRREKKHATREDLILGLLNQFGSSVETDREKYLDLVSEIAEAVDGRRKRSSNVDATEGNPDVSG	0	242	train
AWDFGSIGGVFNSIGRAVHQVF	1	532	train
MSGRGIFFRAGKLFYFTPAMSFPWVFFAPFCLIIGERCSLFLDSALAETSPPSTQLLPAETPKAKVAKPVGRKSNSTSSTRISHT	0	144	train
AWDFGSIGGVFNSIGRAVHQVFGGAFRTL	1	532	train
MSGRLRPVFSFR	0	1177	train
AWDFGSIGGVFTSVGKLVHQVFGTAYGVL	1	623	train
MSGRREREKEC	0	1303	train
AWDFGSLGGVFTSIGKALHQVFGAIYGAA	1	624	train
MSGSISPSEISRLQTALRRLLGSEKLTINPAPRAGMSVELAADGEVIGTIHRDDEDGDVSYAVNIVVLEEDLPAAK	0	216	train
AWDFGSLGGVFTSIGKALHQVFGGAFGAA	1	625	train
MSGSVGIVAGVSVRQGNLLLSSGFRKNLVENQKIMIIKVIIYQRLMNPFNPDNVLPRS	0	346	train
AWDFGSVGGLFTSLGKAVHQVFGSVYTTM	1	626	train
MSGTIHKDGIPERIGSGARDVCDWLQFTALGQLFCLAVFFYVAVFCLMFTSTGLQFLEYLDMAFVGFVKFAVGA	0	234	test
AWDFGSVGGVFNSLGKGIHQIFGAAFKSL	1	627	train
MSHIINFPAQSGASRPYLSSKLLTEGQRRFILSLPISGDYGIPATDIGSIRTSLILMGYVEAGYSSRWGRAAARLTRRGCILHQKLMSKKGI	0	71	train
AWDFGSVGGVLNSLGKMVHQIFGSAYTAL	1	628	train
MSHTQKAGSDCI	0	1178	test
AWKKWAKAWKWAKAKWWAKAA	1	712	train
MSIRKLLLAALCC	0	992	train
AWLDKLKSLGKVVGKVALGVAQNYLNPQQ	1	629	test
MSISMTELNLKY	0	1179	train
AWLKRIKKFLKALFWVWVW	1	762	train
MSITAERRTQVIAEYQTAPGDTGSPEVQVAILTERINNLTEHLKTHAKDFHSRRGLLILVGRRRSMLDYLKGKSQTRYETLIGRLGLRR	0	109	train
AWLVHRQWFLDLPLPWLPG	1	645	train
MSITTLSSREFNQDTSRAKKAAADGPVFITDRGRTAHVLLSIEEYRRLTNHPRKIADALAMPALADIEFDPPRANITLRPADFS	0	151	train
AWLVHTQWFLDLPLPWLPGADTQGSNWI	1	645	train
MSIVSLWEIAIKIRIGKLDADMNDILAAIPAEGFSLLQIQPEHLQILMSLPLHHRDPFDHLLMAQAQAEHATFLSEDGQMDHYPIKRIRCS	0	85	train
AWWRRTVAKVRK	1	1180	train
MSIVYPSNGTSYLTPGTTTFTSGQVVSGVTVTSNSQEVLSSGATGMQQTIEESQKSASITVTTLGDDSRPERRVRWSERIDH	0	166	train
AWYRGAAPPKQEFLDIEDP	1	763	train
MSIWHFWPLTS	0	1304	train
AXXWXIVVIXVXXH	1	887	train
MSKAFIAAVIQDSINCTGVAANQAANDLIDAIVEELKREGGFTLPSFGTFTVRKTKARKALNPRTGEQVKVKAGKTVRFKASPNLKKAV	0	110	test
AYGGEKKCWNRSGHCRKQCKDGEAVKETCKNHRACCVPSNEDH	1	461	train
MSKCAVKCPKSPCVRGLLVAGLIATVVYFLRKKKSCA	0	524	train
AYPGNGVHCGKYSCTVDKQTAIGNIGNNAA	1	610	train
MSKDCCDHHFR	0	1305	test
AYSGEKKCWNRSGHCRKQCKDGEAVKDTCKNLRACCIPSNEDH	1	461	train
MSKDTYSQIRES	0	1181	train
AYSGEKKCWNRSGHCRKQCKDGEAVKDTCKNLRACCVPSNEDH	1	461	train
MSKEDMIEFSGTVTELLPNAMFRVKLDNEHVILAHTSGKMRKNRIRVLAGDRVNVEMTPYDLSKGRITFRFK	0	243	train
AYSLQMGATAIKQVKKLFKKWGW	1	687	train
MSKLIESHYPM	0	1306	test
AYTLLGHEFV	1	1353	train
MSKLTTEERNALPDDAFALPGRRYPIPDATHARDALARASEMLHRGNLTQEEYDTIHAKAEDVLRRERM	0	264	train
BENPESILDEHVQRVM	1	838	train
MSKNGDDSFDARLKAAERRSGLEKKEDSAEKEDAVEQSLPGLALRAGAEMLSALIVGVAIGWELDHWLKTRAVFLVIFALMGGGAGVLNVWRLVKSIDGK	0	9	train
BENPESILDⓍHVQⓍVM	1	-1	unknown
MSKNLIETFETLIPNDKILYEFENKTSLLFDKIIKNFDEPHILAQLRDLLLPKLMSGEISIRDAEKMVEDAA	0	244	train
BENPEⓍILDEHVⓍRVM	1	-1	unknown
MSKTLDVTRQTCGRYVVETCLRPDGAVFLRTPNIFPVNARNWHGPYDTMDAAITDFLDRTAIPKITRKKLSSLLSVVERFGTMDGVK	0	130	test
BENPEⓍILDⓍHVQRVM	1	-1	unknown
MSLDLATTRRIAKLARIGLEEHELEATRQKLNGILGWIDQLAEVDVEGVPPMVGTETETLRQREDKVTDGNCRDALLACAPETSGPFYTVPKVVE	0	47	train
BGLRKXRLRKFRNKIKEK	1	797	train
MSLGVNRTESEE	0	1182	test
BPEⓍILDⓍHVQRVM	1	-1	unknown
MSLLLDIHSNQG	0	1183	train
BRRRRRRRRR	1	1184	train
MSLPRPLQTST	0	1307	train
BRRRRRRRRRRR	1	1184	train
MSLQSRALGSSFQ	0	993	train
BRRXRRXRRX	1	1354	train
MSLRVRFDPEYVGEQIGQLCFEENRNVQELDLYLAGAAYAVCLSLGKEKPWKQKDFVNIGLSIVRSGTKRFLDLTEKTYW	0	181	train
BXRXRXXRXRXXRXRX	1	839	train
MSLSERIVFQPFVWRGTKLEGGAAILCRNPEDAHRRIEKVRAGILSVAGALVVRMQVDEEAGDYGEPEFLERIGSVPEMDE	0	171	train
CAKAKAKAGSGAKAKAKAC	1	764	test
MSLTAPASVQVGKGAAGHDARPAGFAAILGALGVVFGDIGTSPIYALRTTAQVVSDHGTIAASEVLGSKASYSGR	0	228	test
CALKLTKAKRLVRKIGF	1	822	train
MSMQMRVVVAVAVVVVVLALLSSPVSAGYRKPPFNGSIFGKRSGSDAVYEPGKSQALASVCQVALEACTLWFPGAEKK	0	204	train
CANSCSYGPLTWSCDGNTK	1	765	test
MSNDTTAQNGVLRSVKVQKDGSTKAKLCFTKQDQNIEFSVTVTLPPTPGASADAAFVDTANLLGLTKVAIQKVAKDQNITLPNFAE	0	138	test
CAVACELKWESEFWRWTE	1	796	train
MSNQFLVKQDPHLLAHEALLQIRDALLPALQGVRDGKNHHVDGIILLTEGLVKDLDAACDALDAASRS	0	277	train
CAWYNISCRLGNKGAYCTLTVECMPSCN	1	646	test
MSNRIYTVNTEE	0	1185	train
CCFLNITNSHVSILQERPPLENRVLTGWGL	1	611	test
MSPPHTLTKALR	0	1186	train
CDSDSDITWDQLWDLMK	1	823	train
MSPQQDYLATAN	0	1187	train
CDVIALLACHLNT	1	668	train
MSQANFFVWVSAY	0	994	test
CDVIALLCHLNT	1	668	train
MSQHLSDNAPLPQKIGVREFRGNLTAYLRQVRQGSTILVTSHDQVVAELRPPAPSYRPRRQPGALRGRIRMSEDFDETPPDLLESMERDL	0	99	train
CDVIALLCHLNTPSF	1	668	train
MSQNHHDDYPVKGDDDYVPFLTVKGLIILHVVLLIAIALWSWLDWSLPQ	0	405	train
CDVIALLCHLNTPSFNTTHYRESWY	1	668	train
MSQPKKGWPKSWPLAVLCCCIILTLSIAAFSVGVALVLENSVAGPLWLFIAAITYYIADQSIEWKNRPGGGN	0	245	train
CEDLICYCRTRGCKRRERLNGTCRKGHLMYMLWCC	1	538	test
MSQTAQVPVRTKAKPMLPDWPRIMRREKAAQYLDISPAMLDQAVASGKMPKPIPITGTIKGWVRDDLDAWIEDRRQGYYPTSDWD	0	145	test
CEEIRARLSTHLRKMRKRLMRDADDLQKRLAVY	1	562	train
MSRHKNAKSARRFFRRRPLNAQALRESARVQPDLSMQSRVSSGFTWCAPRKAIRQTRQYNG	0	324	train
CEELRVRLASHLRKLRKRLLRDADDLQKRLAVY	1	563	test
MSRHKNAKSARRFFRRRPLNTRALRESARVQPDLSMQSRVSSGFTWCAPRKAIRQSRQYNG	0	324	train
CEEQAQQIRLQAEAFQARLKSWFEPLVEDM	1	612	train
MSRHLRKRSLILAGHDTSVALESAFWNTLEDIANQQKQTLPQLVTKVDAARSPEQSLASALRVYALEWLKQQLSISATPCT	0	172	train
CEGSCVFIPCISAIIGCSCSNKVCYKNGSIP	1	583	train
MSRHWSSDPYFVDALDKYTALRNAGQKTLELDLDAIEEVISNRDGPAYRLFDAMVNIKETEGDEGYRGAPRILLAILEHLGEISKQKQTD	0	100	train
CELAGIGILTVKKKKKQKKK	1	733	train
MSRTYHHSRKYGRNHRWANQPDRCGYGGSREASESPNWYSHLHDIRPGRHHDRHVARLIIKGDLDPVEAVFPYTGTRRPHEYYW	0	152	train
CELDENNTPMC	1	1308	train
MSRTYRKRCWLAV	0	995	test
CELKWESEFWRWTEQLAS	1	784	train
MSSDKIKEVKAAGEAAADTARDELEAVKAHLERLVTQHLVPALGRAGDKAGTLKEQAVANARELADHAQSDLAKRNRGQSSWLSIAISGVVGFILGRLSR	0	10	train
CETWRTETTGATGQASSLLSGRLLEQKAASCHNSYIVLCIENSFMTSFSK	1	395	train
MSSKKAFWSVVN	0	1188	train
CEWYNISCQLGNKGQWCTLTKECQRSCK	1	647	train
MSSMLNKQKQLY	0	1189	train
CEYQAGHNKVGSLQY	1	866	test
MSSQSRYRQHLQ	0	1190	train
CFCKRPVCDSGETQIGYCRLGNTFYRLCCRQ	1	584	test
MSSVVIRNLPEETHRALKAQAMLHGRSTEAEIRTILEAAVRPPQRVRLGSLLASIGREAGVREQDVTALQVRDQTPAEPLSFE	0	161	test
CFETLRGDLRILSILRⓍQNLⓍKELQD	1	-1	unknown
MSTLLNCKNDDILDMFPRIKNLGASSFGEDADLFGDTLAEAIEDAPQGRLKMRRRGVVCRSSYKQSTN	0	278	train
CFETLRGEERILSILRHQNLLKELQD	1	659	train
MSTLNKPKKKMGRPPVESEQLRSRAEMPLVRAVDAWAEKNGVTRAEAIRRLLQIGLDASKKS	0	313	test
CFKFKFKFGSGFKFKFKFC	1	766	train
MSTPETSRHPHLVLVFSAPQKPTPSKEESTLGMLQDLCARLERRNRKQAVRASLRVITGDAA	0	314	train
CFLNITNSHVSILQEAPPLENAV	1	611	test
MSTTRWNIAVSSEVDQSVRMFLAANGGGAKAIYPVLLRTPYGLTCWNRL	0	406	train
CFLNITNSHVSILQEAPPLENRV	1	611	test
MSTVTISVLKEFVSKASALHQTWKTSKPSASELS	0	548	test
CFLNITNSHVSILQERPPLENRV	1	611	test
MSTYAGFRIRDC	0	1191	train
CFLPKLFAKITKKNMAHIR	1	767	train
MSTYDSILQGLNEALAYSEAQVQNSVTHKVRVLSVNVAAIRTRTGLSQAQFAKSIGVAKGTLLNWEHGRRQPTGPAQVLLAMLDKRPSLVSELLPAAR	0	27	train
CFQWKRAMRKVR	1	1192	train
MSVLFSFPEVVLATVVLMDQTNMTKSFFE	0	630	train
CFSIDSPDSLENI	1	749	train
MSVLRSDLCNGPL	0	996	test
CFVPWFSKFLXRIL	1	840	train
MSVTLYHNPSCGTSRTVLGLIRDAGIEPNIILYLKTPPTRAELENILAKGKLSARDILRSKEALCKELGLDAPGISDDQILDAEISQKGCTSG	0	62	train
CGAISLAKLQINES	1	888	train
MSVWLRSLLGAGSVGVRSCDDARCTARAMEQLYVGGSAGAGQYAENQGLSDRGDTGRTAEALRDYD	0	291	train
CGAISLAPKAQIKES	1	867	test
MSVYSGAVLKV	0	1309	test
CGAISLAPKLQIKES	1	867	test
MSYALLDAARVAKAAEVSLGVLKTSDETTEAHQRKVIMIERIEALAKAAAESKAGVTLTSEEFWLISRNW	0	255	test
CGETCTLGTCYTAGCSCSWPVCTRNGVPI	1	631	train
MSYNCCSGNFSSRSFGGYLRYPASSCGFSYPSNLHLPAGFLSLQGLSGDLLG	0	382	train
CGETCVGGTCNTPGCTCSWPVCTRNGLNPV	1	613	train
MSYNYCSGNFSSSSCGGYLRYPGYSCGYSYHSNLHLPAGFLSFSGDLLGHP	0	392	test
CGGFVPWFSKFLXRIL	1	840	train
MSYVIEGKTGPWEIVVGLEVHAQVISQSKLFSGASTKFGVTRTHRSALLMRPSPVCCLLSTRNAWRRPSAPGWG	0	235	train
CGGGGGSLTEINTELLDLEYEMKKLEEVVKKLEESYIDLKEL	1	472	train
MSYYGNYYGGLGYGYDCKYSYTSGFGAFRILDCGYRCGCGGVWI	0	444	train
CGGGRRRRRRRRRLLLL	1	824	test
MSYYGSYYGGLGYGYGCGCGFRRLGYGCGYGGYGYGCYRPSCYGGYWSSGFY	0	383	train
CGIYRSLKLIKSLVLIK	1	825	train
MSYYSHLSGGLGCGLAVAVTMGRTVAVAEYGRCRHGCHSSYSAR	0	445	test
CGNVVRQGCGYGRKKRRQRRRGTALDWSWLQTE	1	564	train
MTAFILDKRLRSDALRLSVFRQIKQGEEWVDTPPAPNTASDIAARILSRARKLRADNGNRDS	0	315	train
CGRRKRRRGCRRDSDCPGACICRYWKVCGSGSDGGV	1	528	train
MTALQLYLYILS	0	1193	train
CHHHHHRRRRRRRRRHHHHHC	1	713	train
MTAPSSDQENLVRARATTIGLDLSPTCLPGVISNSALLAHYAKLVEQHTLPDTCEPAYEYIP	0	316	train
CIAKGNGCQPSGVQGNCCSGHCHKEPGWVAGYCK	1	549	train
MTCNGTLEPLLVA	0	997	train
CIANRNGCQPDGSQGNCCSGYCHKEPGWVAGYCR	1	550	train
MTCTQSATFHGMRIVPVARDVVVKDPTGKGQHAYPTIGRETCTLMFGKTPVKHTVVFADGQTLNFPPAWIVPIADAPQHGSLAECMECPDTRQH	0	28	train
CIGAVLKVLTTGLPALISWIKRKRQQ	1	660	train
MTCTQSATFPGMRIIPVARDVVVKDPTGKGQHAYPTIGRETRTLMFGKTPVKHTVVFADGQTLNFPPAWIVPIADTMPDAPQHGSLAECMECPDTRQH	0	28	train
CIGNGGRCNENVGPPYCCSGFCLRQPNQGYGVCRNR	1	529	train
MTDDEARMLVGTELDPQKLYMQVEGLKDVLKLAVSGLPPQSLQNLREALEKVCAGSVEIPGMAEALEIVKEHSAEAPHLQ	0	182	train
CIIKKIIKKIIKK	1	868	train
MTDKAPHETSSLFHLAERALKQPKLATKEEVRELANYVLKGGVKAGEAEREVAKKAERNPEGVEASEIESLAKTVIAAHS	0	183	train
CIIKKIIKKIIKKII	1	868	train
MTDPSFLDHPPLTERVNAYDEAHLGLYLRLLVADEEGADWREVVAVLFEIDPVREPVRAKAVHDRHLARARWMTAAGFQHLLQPRLQ	0	131	test
CIIRRIIRRIIRR	1	998	train
MTDQPDPVVRKTVSLPTSIWKRIEDFQFDHRVKRDSQAIRQLVELGLDAAKESSPADQDKP	0	325	train
CIKNGNGCQPDGSQGNCCSRYCHKEPGWVAGYCR	1	530	train
MTDTPENTSSGPRLSSKAEAARAERMARQAAALRANLRRRKEQARTRQDSTDSATPTSSEPGAQNRHPTGEDKTCP	0	217	test
CIKNGNGCQPNGSQGNCCSGYCHKQPGWVAGYCRRK	1	530	train
MTDVQRQEIIDRRLKGETLKSIAAFYEISESTASRVARGKYRSFL	0	433	test
CIRLDLELINFQSDLQHELLKTRLRG	1	661	train
MTEALPTPEQNF	0	1194	train
CIRLQAEAFQARLKSWFEPLV	1	612	train
MTEALPYRSTPVFDQDTLPAALRTRHNTKAGVWGVIRVLEGELKLTYLAPPSELLLTPATPGLIEPQQPHFVTPMGKVAMRVDFYDQPPPPSAFSAPQS	0	19	train
CKCRRRKVHGPMIRIRKK	1	798	train
MTEPLINAAECNRRLGEVFMQYPSECLSVSDPNMLRHSGCIVINLIGIPAAKSDD	0	362	train
CKGKLGYCRSKCQSKQVELGKCSTKAICCGISTGTSSSQGSHEVPVINSEPALESKPEPQDTQEEEATMVSE	1	246	train
MTEQLIKMVRHC	0	1195	test
CKGRGKRCREKQRPSDKPRR	1	734	train
MTETAGQTPEAGPNMDVPEDLARCDMVIQHAIEHLRNEKYPPLAVASALLGNSVGILAQIMDKDTVLRILDSAAQSVRSGEVHASVRAQTGQENEKA	0	34	train
CKIALPYHMRCRVLGRC	1	826	train
MTEVPAPMQITDQ	0	999	train
CKILSKTIKCRIPCGRRKEY	1	735	test
MTFELIMASVVTLGLLGYMTAVLLRPEKF	0	632	train
CKIPFEIMDLEKRHV	1	869	train
MTGMRADMDKG	0	1310	train
CKITRCPMIPCYISSPDECLWMDWVTEKNINGHQAKFFAC	1	411	test
MTGRLASLLFS	0	1311	train
CKITRCPMIPCYISSPDECLWMDWVTEKNINGHQAKFFACIKRSDGSC	1	411	test
MTGTVNILYFAALREQLGREGQQVILPSNTMPVATLVQELRQHDAKLDEVFAATPRIRVAINQKLGGFDTCVKPGDELAFFPPMTGG	0	132	train
CKLAKLAKKLAKLAK	1	669	train
MTGVTSGVLSIDGYVGGASTIPSGPSNSYYGATFSSVIIKSGGTWTGTNTIDADFSHLRQFRVIL	0	295	train
CKQSCSFGPFTFVCDGNTK	1	768	train
MTHLPYIAASYGLFAIMALVFSVGAALRLKRDRIRLATLEQKAPRKAGAAPQS	0	376	train
CLAGRLDKQCTCRRSQPSRRSGHEVGRPSPHCGPSRQCGCHMD	1	462	train
MTHSYPQMKIRLPPEVHAHAKEAAKRQERSLSSHIVFLLRQEMEKEKAPEHGLENRSDASDSE	0	307	train
CLBCREKAKKLFKKILKKL	1	769	train
MTILCLLFVLLA	0	1196	train
CLBKKLFKKILKKL	1	889	train
MTILRGWRYGLFVGGLVGFISAALYPIVIYPMMNVDNYKNIQAVTRKGINQEDVQPGNMKVWSDPFGRKS	0	256	train
CLGIGSCNDFAGCGYAIVCFW	1	714	train
MTKARSIMKEKITLSERVFIELVVWEVPSPLRGSLHHYKYRLALISDGKCVLRYDNESGKGDHKHIGAVEVSYTFQDLQTLKDDFLEDVREWLK	0	52	train
CLGIGSCNDFAGCGYAVVCFW	1	714	train
MTKFRPLHDRVVVRRLEGEQKTAGGIIIPDTAQEKPMEGEVVAVGPGARNEQGQIVALDVKAGDRVLFGKWSGTEVKIDGEELLIMKESDIMGVVTA	0	35	train
CLGIGSCNNFAGCGYAVVCFW	1	714	train
MTKLKLGPIEDDKPVKVTLELPATLHRDLAAYAEILVRGTGQAPADPLRLVVPMLTRFIATDRGFAGVRRQNKAIR	0	218	train
CLGVGSCNDFAGCGYAIVCFW	1	714	train
MTKLLRLAGLAVVLVVSLLFAVFVGDLGPWYFAWVIGTVMIILISGAGAIMLDAQSNLSSDEEI	0	302	train
CLGVGSCNDFAGCGYAVVCFW	1	714	train
MTKLRITEIPDEKPVRVTVDLPADLHRDLVAYAALVSQNGQPVDPTRLVPHMIRGFIASDRAFAKLRRARVKQILSRES	0	195	train
CLGVGSCNNFAGCGYAIVCFW	1	714	train
MTKPDLISWHEWPTNRRETAQKPRTDLPPIHEPEPGLLDEEILPLRDDWMKGPKKGCTAA	0	335	train
CLHELLEHLHELLEHCLKKLLKLLKKLLKL	1	614	train
MTKSPKETLKDPVTGKPLPKGVWYRGPGQYQARRMVNGKRHRETFASASLARRWLQDVRAKAHVGQLEPPHARETRLLLANSLSALVGNA	0	101	train
CLIWⓍLIDVLKⓍRAV	1	-1	unknown
MTKTSAPLSLYLKEATHTFHEDLDKSIMAHGLFASADKYKNFVQLQYLFHRDINDLYNHAQLVEIIPDLASRNRFAQVCQDMRDLDLPLPNTTVAFCVEF	0	11	train
CLKKLLKLLKKLLKLCLEELLHHLEELLHH	1	615	train
MTKVWCREDLD	0	1312	train
CLKKLLKLLKKLLKLCLEHLLEHLEHLLEH	1	616	train
MTLKRLNFLSGSL	0	1000	test
CLLIILRRRIRKQAHAHSKNHQQQNPHQPPM	1	585	train
MTLNQETKPSVT	0	1197	test
CLLKKLLKKLLKK	1	1001	train
MTLPLHISDSSW	0	1198	train
CLLLLIRKLIL	1	1313	train
MTLSVPEKRVVKP	0	1002	train
CLLRRLLRRLLRR	1	1003	train
MTLVVQAHSGIYG	0	1004	train
CLLYWFRRRHRHHRRRHRRC	1	736	train
MTMTDLSDERAAKRDAIRKASNSTKPTVPADQVLALLDAELARIQAAIDTLPTPRPTD	0	347	train
CLNLKALLAVAKKILC	1	841	test
MTNFMQRISIVFSGVAMIGLAYPAHADTLREKQTEACKGDALRLCALAIPNEKKITQCMERKQDKLSPKCRAFFKKGTKAPPAHKPKSK	0	111	train
CLRIGMRGRELM	1	770	train
MTNKPDETNAFKGETPLFEQIVQEGSHGKKLRQPFKPTYLPPLWPFVVVAVVLVVIWGVLFLNAPATKDNWHFQFCDKAQGGMKNICPKLDQ	0	72	train
CLRIGMRGRELMGGIGKTM	1	770	train
MTPDFECGMIVGGGGVFLATIILAVGWRLLVLRSDFWNK	0	510	train
CLRKLRKRLLRC	1	1199	train
MTPDFECGMIVGGGGVFLATIILAVGWRLLVMRSGFWRGY	0	502	train
CLRVRLASHLRKLRKRLLRDADDL	1	563	test
MTPDFECGMVLGGGGVFLATIIFAVGWRLLTSRSQAPWKAGDE	0	463	train
CLWMDWVTEKNINGHQAKFFAC	1	411	test
MTPEHYHYLYYL	0	1200	train
CMSTRGDQARKICE	1	890	test
MTPHAKSLTALV	0	1201	train
CMSYGGSCQRSCNGGFRLGGHCGHPKIRCCRRK	1	565	train
MTPMDMLLSRASTDHLKAPAPSEAQMAEVLAAAMRAPDHGKLRPWRYVIVKDDARPYWLNVLLPVWFGLTLKCLNVKKKSALIDFPQYP	0	112	train
CNCTNSSSSYSGTKMACPSNRG	1	696	test
MTQTTASFMVDGMSCDGCVSAIKRALAAIDGVEATDVNLATREVKVTYDPTRAGVSSLQNAIRGAGYEVS	0	257	test
CNGRCGGKLAKLAKKLAKLAK	1	715	train
MTRIEGLKETLC	0	1202	train
CNPLNGADRRTDSFPRFTVI	1	737	train
MTRLLQQQENTKVAVFTSRPPLSERGKASIRYCMEGTDILGVITPQIMIP	0	396	train
CNSTKNLTFAMRSSGDYGEV	1	738	train
MTRLSRIESLKSRHFRIDQKIMSEGGRPRPDERVLMCLKLQKLRIKEEIERLSD	0	369	train
CPAIQRCCQQLRNIQPPCRCCQ	1	697	train
MTRSAAYVPDFNVQEEPRIAVLDITTEKCPMTFVRTRLALDGLPPGGLLAVRLKGEEPLKNISRSARALGHTILSDVPQPDGSVVLTLRKKQETPAS	0	36	train
CPCGRRRCCVRGLNVYCCF	1	771	train
MTSIIMQFNNW	0	1314	train
CPKILKKCRRDSDCPGACICRGNGYCGRRKRRRG	1	551	train
MTSISLLSDRKS	0	1203	test
CPKILKKCRRDSDCPGACICRGNGYCGSGSDGGV	1	552	test
MTSKPAKCPVCGKPAQAEFRPFCSKRCADVDLGRWFSGDYRIPGAPAPIENDEKAERNDER	0	326	test
CPKILKKCRRDSDCPGACICRGNGYCRFWKTW	1	575	train
MTSKTETVLNII	0	1204	train
CPKILKKCRRDSDCPGACICRGNGYCYHLNQPF	1	566	train
MTSMLLDGSEMWQ	0	1005	train
CPKILKKCRRDSDCPGACICRYWKVCGSGSDGGV	1	553	train
MTSRPSREWPIV	0	1205	train
CPKILKKCRRDSDCPGACICRYWKVCGYHLNQPFG	1	539	test
MTSSQFPQNIKS	0	1206	test
CQNHHAKHGKVC	1	1207	train
MTSYCRFHCIVM	0	1208	train
CREKAKKLFKKILKKL	1	769	train
MTSYIQSIPNP	0	1315	train
CRFCCRCCPRMRGCGLCCRF	1	739	train
MTTGEKKHAQQ	0	1316	test
CRKRLDRCGGGKLAKLAKKLAKLAK	1	669	train
MTTLHDHIQMLRAELTSFHLSRRERRQIERELKKALARRDAEPPA	0	434	train
CRKSCWVIRGHCRKHCRSGERVKKPCSNGDYCCIAKKINTVPQAPKNAFSRNFRVHSRTAPVAVLKNST	1	265	train
MTTSKNALSSDRPEIRLSGRRLFQCLMVLGWSERLAAERCDTHHTQLRRALAGTSALPPDISAWLLDLEAAFLARPSPRRRINDPIFREFVKEKSEFQA	0	20	train
CRNGCALKAIAKLKLKKLILLK	1	698	train
MTVFVWIDEREALILHDRLLGLHVVLPAYGMQVF	0	554	train
CRQSCSFGPFTFVCDGNTK	1	768	train
MTVQMKETMTYHLVCIGMYTSKKVFQIHGMDAEKRGVLSWRLSRHQMIGFFEKLLPTMISIEACGASHH	0	266	train
CRQSCSFGPLTFVCDGNTK	1	772	train
MTVVMEAFDGCLFDCPVHPFNLTIGPGMIGFRQTMFDPVGFADHVEAHGTRPGRIAITGLVSELDPIVGQDGVDPVRDDAQEMFEEFPRPSSDQLSRPVV	0	12	train
CRRKRRRCRRDSDCPGACICRGNGYCGSGSDGGV	1	555	train
MTVVMEAFDGCLFDCPVHPFNLTIGPGMIGFRQTMFDPVGFADHVEAHGTRPGRIAITGLVSELDPIVGQDGVDPVRDDAQEMFEEIPRPSSDQLSRPVV	0	12	train
CRRKRRRICFPDGR	1	891	train
MTXPKPCILHLT	0	1209	test
CRRLRHLRHHYRRRWHRFRC	1	740	test
MTYLCNSAREH	0	1317	test
CRRWQWRMKKLGC	1	851	train
MVCSAKSCANPRE	0	1006	train
CSCRTSSCRFGERLSGACRLNGRIYRLCC	1	633	train
MVDDGAVTALQQGKSLLPAGVLGVKGDFSQGDLVEIINTDGIVLAHGLAAYDADDARRIAGHRSTELTDILGWHGRDEIIHRDDLVMI	0	122	train
CSICSNNPTCWAICKRIPNKKPGKK	1	670	train
MVDIRNTLREPGVKLRAYMSDALFKLNVGLSRFHSVYIFLQNKIMSSLWFLQKEWAAVLPLA	0	317	test
CSIELSDIPLSVDFNTMID	1	773	train
MVEKTDFDASIHHGFLTGYDSPVSKRLHPSEGAKNE	0	531	train
CSSHFPYSQYQFWK	1	892	train
MVELKVRKFGNSLGVVLPKEVISRLNTQDGAPLYLTEAPDGGYRLVPYDPDFESKMTKAEDIMRRYRDTLHVLAQ	0	229	test
CSTNTFSLSDYWGNKGNWCTATHECMSWCK	1	617	train
MVIDALLPWLRWLIAFHIMSVMAWMAGLFYLPRLFVYHCQVAVGSQESQRFKIMERRLLKAIMTPAMCASLFFGVLLVLTPGG	0	162	train
CSTNTFSLSDYWGNNGAWCTLTHECMAWCK	1	618	train
MVIHFVVRRSG	0	1318	train
CTFTLPGGGGVCTLTSECIC	1	741	test
MVKATKPADLRAKTPDELEARLVELKREQLNLRFQQATGQTEAQSRMRAVRREIARIKTIAVQNAKTAAGAKTSAANA	0	205	train
CTKSIPPICFPDGR	1	893	train
MVKCLDTNTHS	0	1319	train
CTKSIPPICRFWKTW	1	870	train
MVKRIVDFFGEN	0	1210	train
CTKSIPPICRRKRRR	1	871	train
MVKRRLHLVEK	0	1320	train
CTKSIPPICYHLNQPF	1	842	train
MVKSFKSWQSSQ	0	1211	test
CTKSIPPICYWKV	1	1007	train
MVLFLSAIIIIM	0	1212	train
CTPSPPFSHC	1	1355	test
MVLLNKKGFIAYI	0	1008	train
CTSDLPSSWGYMNCNCTNSSSS	1	699	train
MVLRLFTLALD	0	1321	train
CTTHWGFTLC	1	1356	test
MVLWVEMEHRAPL	0	1009	train
CVHWMTNTARTACIAP	1	843	train
MVLYTGLSGFICN	0	1010	test
CVHWQTNPARTSCIGP	1	844	train
MVRLSTNASGQCYPRSLTTQNATVVLAEPWTDTTTSTGRLMLAVLGGLADVERDLIRTRTSEGRIRAIRQGKKWDVLVA	0	196	train
CVHWQTNPARTSRIGP	1	844	train
MVRVHSTSPLRRPTNVTLPAQLLEEARSLDLNISQACEQGLKSAIASVRAQQWLAENRSSLEASRQYVEKNGLPLADYRNF	0	173	train
CVHWQTNTARTSCIGP	1	844	train
MVRVSGMAQSC	0	1322	train
CVISAGWDHKVRCKLTGNC	1	774	train
MVSLVLIRLAMNLSGQQARGILECLLLGAFYIHIENIKYIMNFNHD	0	427	train
CVISAGWNHKIR	1	775	test
MVTFRNSKRNSA	0	1213	train
CVISAGWNHKIRCKLTGNC	1	775	test
MVTLSWKPTKHETDDDQQHGPEDDEASGTPLIPVTDQFCPPPDLGFQRLKNPADHVQNALM	0	327	test
CVKCKCKCGSGVKVKVKVC	1	776	test
MVVGATAVVSHARRTNGKNASSWLRELLERKKPKLAAVALANKIARIAWKLMVSGEHYKRLLQQPGAAAV	0	258	train
CVKVKVKVGSGVKVKVKVC	1	777	test
MVVGVLWFGKV	0	1323	test
CVKVQVKVGSGVKVQVKVC	1	778	test
MVVRLKRTLSCR	0	1214	train
CVKVRVKVGSGVKVRVKVC	1	779	train
MVYKNAKLFFCK	0	1215	train
CVKVSVKVGSGVKVSVKVC	1	780	train
MVYNARMADELKTERVQLMMAPSEVKDIDDWSFENRIRSRGEAIRRLIQLGLEAAKISAEEGRS	0	303	train
CVQSCSFGPLTWSCDGNTK	1	781	test
MVYTECIVHIISV	0	1011	train
CVRLASHLRKLRKRLLRDADDL	1	563	test
MWKQIEHQLVMK	0	1216	train
CVRLASHLRKLRKRLLRDADDLQKRLAVY	1	563	test
MWLWAARMWSVCW	0	1012	train
CVRRFPWWWPFLRRC	1	872	train
MWMVATQAAPNWL	0	1013	train
CVRRFPWWYPFLRRC	1	872	train
MWNKLADLKWR	0	1324	test
CVWGGDCTDFLGCGTAWICV	1	742	train
MYDIAVCEKCGARFEVAGNYSKSTFRPESNWTTIACIKWHEEHPEDGSWTKCTRGKEAVDKLTSQWPRR	0	267	train
CWKKKKKKKK	1	743	test
MYGIAVCEKCGARFEVAGNYSKSTFQRENDWATIACIKWHEAHPEDGSWTECTRGKEAVDKLTSQWPRR	0	268	train
CWKKKKKKKKKKKKK	1	743	test
MYITWSACSCST	0	1217	train
CWKKKKKKKKKKKKKKKKKK	1	743	test
MYKMSKSRLCALH	0	1014	train
CWKWKWKWGSGWKWKWKWC	1	782	train
MYNICKYVMSME	0	1218	train
CWMSPRHLGTCGRKKRRQRRRPPQ	1	676	test
MYNPSVRFPRRRGFLTLEAISGHFVEFSHPTGARSGILTILCFWRRVLNAVRVSRPEKAVLVEAMWSVHCLFLQMACRSLRNRA	0	148	train
CWSCMGHSCWSCMGHSCWSCAGHSCWSCMGHSCWSCMGHSCWSCAGHCCGSCWHGGM	1	350	test
MYNYNTVARKGL	0	1219	train
CWVRIGRYILRRIKTPFT	1	799	test
MYSHSGCLLCAV	0	1220	test
CWVRLARYLLRRLKTPFT	1	744	train
MYSLLKKEPQK	0	1325	train
CWVRLGRELLRRLKEPFT	1	800	train
MYSPSVEQTLA	0	1326	train
CWVRLGRELLRRLKTPFT	1	744	train
MYVDLLMRRQC	0	1327	train
CWVRLGRKLLRRLKKPFT	1	801	train
MYVRVRVLISAYI	0	1015	train
CWVRLGRKLLRRLKTPFT	1	744	train
MYYIYHMDIRHLRYFVTVAEHGSITHAAEALGIEQPPLSQQIRQLERNLGVTLFERQTRGMKLTEIGEVLLPRARTILDLQAQFLSTAEGLARGKEGIFA	0	13	test
CWVRLGRYALRRLKTPFT	1	744	train
MYYRNLTIFLV	0	1328	test
CWVRLGRYILRRIKTPFT	1	799	test
QPLRKLCILHRNPGRCYQKIPAFYYNQKKKQCEGFTWSGCGGNSNRFKTIEECRRTCIRK	0	336	train
CWVRLGRYILRRLKTPFT	1	744	train
RKKSEKKVTRMVSIVVAVFIFCWLPFYIFNVSSVSVAISPTPALKGMFDFVVVLTYANSCANPILYAFLS	0	259	train
CWVRLGRYKLRRLKTPFT	1	744	train
RKLLPQISAFSNPFYLNCQLYGKSDYCLVLLNNCLAKVGRREEAAALKPYLEMPFNKRSFRNGVGSGIKKTSSRRAKS	0	206	test
CWVRLGRYLLRRLKTLFT	1	744	train
SHDEPSESSEPCCDSCDCTKSIPPECHCANIRLNSCHSACKSCICTRSMPGKCRCLDTDDFCYKPCESMDKD	0	247	test
CWVRLGRYLLRRLKTPFT	1	744	train
SHESYWDQQDDIDRDEFLEILSRLSRFNRPEMEVRSTKRGLDLGLNRGYSGSQAAKHMMGLAAANYAGGPGRRRRSEQA	0	197	train
CWVRLGRYLLRRLKTPFTRL	1	744	train
SHESYWDQQDDIDRDEFLELLSRLSRTVMNRPEMENSKRGLDLGLSRGFSGSQAAKHLMGLAAANYAGGPGRRRRSEQA	0	198	test
CWVRLGRYSLRRLKTPFT	1	744	train
TSPQREATCTSEVSGCPKIYNPVCGTDGITYSNECVLCSENKKRQTPVLIQKSGPC	0	356	train
CWVRLGRYVLRRLKTPFT	1	744	train
VAKCSTSECGHACQQAGCRNSGCRYGSCICVGC	0	567	train
CWVRLLRYLLRRLKTLFT	1	802	train
VIEPKCYKYEGKKCPPDINPVCGTDKRTYYNECALCVFIRQSTKKADKAIKIKKWGKC	0	348	train
CWVRLLRYLLRRLKTPFT	1	744	train
VVGGDECDINEHPFLAFLYSHGYFCGLTLINQEWVLTAAHCDRRFMRIYL	0	397	train
CWVRLVRYLLRRLKTPFT	1	744	train
YEDEINKRTTAENEFVMLKKDVDAAYMNKVELEAKVDALMDEINFMKMFFDA	0	384	train
CXGRCLLIIKLAKLAKKLAKLAK	1	688	train
YETELGLRQLVESDINGLRRILDELTLCKSDLEAQVESLKEELICLKSNHEE	0	385	train
CYCRIPACIAGERRYGTCIYQGRLWAFCC	1	588	train
